"Designator","Footprint","Mid X","Mid Y","Ref X","Ref Y","Pad X","Pad Y","Layer","Rotation","Comment"
""
"B4","0603","107.1245mm","63.881mm","106.299mm","63.881mm","106.299mm","63.881mm","T","0.00","0.1u"
"B8","0603","50.2285mm","10.922mm","49.403mm","10.922mm","49.403mm","10.922mm","T","360.00","0.1u"
"B23","0603","89.535mm","34.2265mm","89.535mm","33.401mm","89.535mm","33.401mm","T","90.00","0.1u"
"B29","0603","58.293mm","29.6545mm","58.293mm","30.48mm","58.293mm","30.48mm","T","270.00","0.1u"
"B50","0603","44.8945mm","98.044mm","44.069mm","98.044mm","44.069mm","98.044mm","T","360.00","0.1u"
"B54","0603","89.535mm","29.9085mm","89.535mm","29.083mm","89.535mm","29.083mm","T","90.00","0.1u"
"B55","0603","49.3395mm","28.956mm","50.165mm","28.956mm","50.165mm","28.956mm","T","180.00","0.1u"
"B204","0603","181.102mm","55.6895mm","181.102mm","54.864mm","181.102mm","54.864mm","T","90.00","0.1u"
"B205","0603","167.8305mm","55.118mm","168.656mm","55.118mm","168.656mm","55.118mm","T","180.00","0.1u"
"C109","0603","118.237mm","76.7715mm","118.237mm","77.597mm","118.237mm","77.597mm","T","270.00","0.1u"
"C110","0603","118.364mm","71.0565mm","118.364mm","71.882mm","118.364mm","71.882mm","T","270.00","0.1u"
"C111","0603","132.842mm","66.4845mm","132.842mm","67.31mm","132.842mm","67.31mm","T","270.00","0.1u"
"C215","0603","141.9225mm","49.276mm","142.748mm","49.276mm","142.748mm","49.276mm","T","180.00","0.1u"
"C216","0603","140.45868mm","54.9275mm","140.45868mm","54.102mm","140.45868mm","54.102mm","T","90.00","0.1u"
"C217","0603","179.8955mm","50.546mm","179.07mm","50.546mm","179.07mm","50.546mm","T","360.00","0.1u"
"C220","0603","169.926mm","52.8955mm","169.926mm","53.721mm","169.926mm","53.721mm","T","270.00","0.1u"
"C221","0603","180.975mm","52.7685mm","180.975mm","53.594mm","180.975mm","53.594mm","T","270.00","0.1u"
"C302","0603","65.151mm","10.6045mm","65.151mm","11.43mm","65.151mm","11.43mm","T","270.00","0.1u"
"C406","0603","36.449mm","19.6977mm","36.449mm","20.5232mm","36.449mm","20.5232mm","T","270.00","0.1u"
"C439","0603","154.1145mm","100.203mm","153.289mm","100.203mm","153.289mm","100.203mm","T","360.00","0.1u"
"C450","0603","42.9895mm","45.72mm","42.164mm","45.72mm","42.164mm","45.72mm","T","360.00","0.1u"
"C529","0603","32.0675mm","111.252mm","32.893mm","111.252mm","32.893mm","111.252mm","T","180.00","0.1u"
"C609","0603","132.7785mm","103.505mm","131.953mm","103.505mm","131.953mm","103.505mm","T","360.00","0.1u"
"R238","0603","162.306mm","51.3715mm","162.306mm","52.197mm","162.306mm","52.197mm","T","270.00","100K"
"R108","0805","138.303mm","94.869mm","138.303mm","93.853mm","138.303mm","93.853mm","T","90.00","100K0"
"R109","0805","136.271mm","94.869mm","136.271mm","93.853mm","136.271mm","93.853mm","T","90.00","100K0"
"R147","0805","156.972mm","79.629mm","155.956mm","79.629mm","155.956mm","79.629mm","T","360.00","100K0"
"R155","0805","156.972mm","77.978mm","155.956mm","77.978mm","155.956mm","77.978mm","T","360.00","100K0"
"R608","1206","138.938mm","114.173mm","138.938mm","115.57mm","138.938mm","115.57mm","T","270.00","100R"
"R609","1206","141.224mm","114.173mm","141.224mm","115.57mm","141.224mm","115.57mm","T","270.00","100R"
"R618","1206","128.27mm","114.173mm","128.27mm","112.776mm","128.27mm","112.776mm","T","90.00","100R"
"R619","1206","130.556mm","114.173mm","130.556mm","112.776mm","130.556mm","112.776mm","T","90.00","100R"
"L502","1812","36.449mm","120.777mm","34.417mm","120.777mm","34.417mm","120.777mm","T","90.00","100u 8R"
"L503","1812","27.813mm","107.569mm","27.813mm","109.601mm","27.813mm","109.601mm","T","360.00","100u 8R"
"L504","1812","69.5198mm","104.013mm","69.5198mm","101.981mm","69.5198mm","101.981mm","T","180.00","100u 8R"
"L505","1812","65.5828mm","104.013mm","65.5828mm","106.045mm","65.5828mm","106.045mm","T","360.00","100u 8R"
"L506","1812","69.3928mm","117.983mm","69.3928mm","120.015mm","69.3928mm","120.015mm","T","360.00","100u 8R"
"L507","1812","70.231mm","124.841mm","70.231mm","122.809mm","70.231mm","122.809mm","T","180.00","100u 8R"
"L601","1812","115.443mm","98.298mm","115.443mm","96.266mm","115.443mm","96.266mm","T","180.00","100u 8R"
"C11","EC_C","122.8725mm","25.781mm","120.396mm","25.781mm","120.396mm","25.781mm","T","360.00","100u/6.3"
"C100","EC_C","104.4575mm","81.788mm","106.934mm","81.788mm","106.934mm","81.788mm","T","180.00","100u/6.3"
"C201","EC_C","130.6195mm","36.449mm","128.143mm","36.449mm","128.143mm","36.449mm","T","360.00","100u/6.3"
"C204","EC_C","125.1585mm","47.498mm","122.682mm","47.498mm","122.682mm","47.498mm","T","360.00","100u/6.3"
"C427","EC_C","168.7195mm","79.248mm","166.243mm","79.248mm","166.243mm","79.248mm","T","360.00","100u/6.3"
"C429","EC_C","110.9345mm","58.293mm","108.458mm","58.293mm","108.458mm","58.293mm","T","360.00","100u/6.3"
"C431","EC_C","110.9345mm","53.975mm","113.411mm","53.975mm","113.411mm","53.975mm","T","180.00","100u/6.3"
"C433","EC_C","115.1255mm","81.661mm","112.649mm","81.661mm","112.649mm","81.661mm","T","360.00","100u/6.3"
"C435","EC_C","114.6175mm","89.281mm","112.141mm","89.281mm","112.141mm","89.281mm","T","360.00","100u/6.3"
"C451","EC_C","50.8mm","33.3375mm","50.8mm","35.814mm","50.8mm","35.814mm","T","270.00","100u/6.3"
"R313","0603","46.2915mm","18.796mm","47.117mm","18.796mm","47.117mm","18.796mm","T","180.00","10K"
"R500","0603","140.8303mm","103.251mm","140.0048mm","103.251mm","140.0048mm","103.251mm","T","360.00","10K"
"R501","0603","143.7513mm","103.251mm","142.9258mm","103.251mm","142.9258mm","103.251mm","T","360.00","10K"
"R502","0603","138.8618mm","103.1875mm","138.8618mm","104.013mm","138.8618mm","104.013mm","T","270.00","10K"
"R503","0603","138.1633mm","105.41mm","137.3378mm","105.41mm","137.3378mm","105.41mm","T","360.00","10K"
"R547","0603","92.7735mm","111.887mm","93.599mm","111.887mm","93.599mm","111.887mm","T","180.00","10K"
"R548","0603","92.6465mm","115.062mm","93.472mm","115.062mm","93.472mm","115.062mm","T","180.00","10K"
"R607","0603","143.002mm","114.7445mm","143.002mm","115.57mm","143.002mm","115.57mm","T","270.00","10K"
"R614","0603","132.334mm","114.7445mm","132.334mm","115.57mm","132.334mm","115.57mm","T","270.00","10K"
"R530","1206","58.166mm","120.015mm","58.166mm","121.412mm","58.166mm","121.412mm","T","270.00","10K0"
"R531","1206","56.007mm","120.015mm","56.007mm","118.618mm","56.007mm","118.618mm","T","90.00","10K0"
"R534","1206","49.149mm","120.015mm","49.149mm","121.412mm","49.149mm","121.412mm","T","270.00","10K0"
"R535","1206","46.863mm","120.015mm","46.863mm","118.618mm","46.863mm","118.618mm","T","90.00","10K0"
"R552","1206","94.488mm","119.126mm","94.488mm","117.729mm","94.488mm","117.729mm","T","90.00","10K0"
"R148","0805","150.368mm","75.692mm","149.352mm","75.692mm","149.352mm","75.692mm","T","360.00","10K2"
"R149","0805","146.558mm","74.041mm","145.542mm","74.041mm","145.542mm","74.041mm","T","0.00","10K2"
"R150","0805","143.002mm","74.041mm","141.986mm","74.041mm","141.986mm","74.041mm","T","360.00","10K2"
"R151","0805","151.13mm","73.025mm","151.13mm","72.009mm","151.13mm","72.009mm","T","90.00","10K2"
"R152","0805","149.479mm","73.025mm","149.479mm","72.009mm","149.479mm","72.009mm","T","90.00","10K2"
"R153","0805","151.13mm","69.469mm","151.13mm","68.453mm","151.13mm","68.453mm","T","90.00","10K2"
"R154","0805","149.479mm","69.469mm","149.479mm","68.453mm","149.479mm","68.453mm","T","90.00","10K2"
"R545","2512","100.5078mm","115.316mm","100.5078mm","112.522mm","100.5078mm","112.522mm","T","90.00","10R"
"R546","2512","100.5078mm","124.079mm","100.5078mm","126.873mm","100.5078mm","126.873mm","T","270.00","10R"
"C209","0603","125.73mm","36.5125mm","125.73mm","37.338mm","125.73mm","37.338mm","T","270.00","10n"
"C447","0603","45.9105mm","39.116mm","46.736mm","39.116mm","46.736mm","39.116mm","T","180.00","10n"
"R30","0603","100.6475mm","64.897mm","99.822mm","64.897mm","99.822mm","64.897mm","T","0.00","150R"
"R31","0603","100.6475mm","63.754mm","99.822mm","63.754mm","99.822mm","63.754mm","T","0.00","150R"
"R32","0603","100.6475mm","62.611mm","99.822mm","62.611mm","99.822mm","62.611mm","T","0.00","150R"
"R33","0603","100.6475mm","61.468mm","99.822mm","61.468mm","99.822mm","61.468mm","T","0.00","150R"
"R34","0603","100.33mm","32.1945mm","100.33mm","31.369mm","100.33mm","31.369mm","T","90.00","150R"
"R102","0603","152.781mm","61.5315mm","152.781mm","62.357mm","152.781mm","62.357mm","T","270.00","150R"
"R111","0603","128.905mm","69.9135mm","128.905mm","70.739mm","128.905mm","70.739mm","T","270.00","150R"
"R113","0603","136.4615mm","74.422mm","135.636mm","74.422mm","135.636mm","74.422mm","T","360.00","150R"
"R115","0603","126.6825mm","84.709mm","127.508mm","84.709mm","127.508mm","84.709mm","T","180.00","150R"
"R130","0603","121.6025mm","84.709mm","120.777mm","84.709mm","120.777mm","84.709mm","T","360.00","150R"
"R222","2512","139.573mm","36.195mm","139.573mm","38.989mm","139.573mm","38.989mm","T","270.00","150R"
"R223","2512","143.637mm","36.195mm","143.637mm","38.989mm","143.637mm","38.989mm","T","270.00","150R"
"R224","2512","152.019mm","36.195mm","152.019mm","38.989mm","152.019mm","38.989mm","T","270.00","150R"
"R225","2512","147.955mm","36.195mm","147.955mm","38.989mm","147.955mm","38.989mm","T","270.00","150R"
"C424","EC_C","143.9545mm","93.091mm","146.431mm","93.091mm","146.431mm","93.091mm","T","180.00","15u/20"
"C425","EC_C","143.9545mm","96.774mm","141.478mm","96.774mm","141.478mm","96.774mm","T","360.00","15u/20"
"TEX1","RAD0.1","29.718mm","30.607mm","28.448mm","30.607mm","28.448mm","30.607mm","T","360.00","17Vpp"
"R158","0805","151.511mm","79.121mm","151.511mm","80.137mm","151.511mm","80.137mm","T","270.00","18K2"
"R159","0805","149.479mm","79.121mm","149.479mm","78.105mm","149.479mm","78.105mm","T","90.00","18K2"
"R110","0603","136.2075mm","91.313mm","135.382mm","91.313mm","135.382mm","91.313mm","T","360.00","1K"
"R112","0603","136.2075mm","92.583mm","135.382mm","92.583mm","135.382mm","92.583mm","T","360.00","1K"
"R145","0603","128.524mm","74.8665mm","128.524mm","74.041mm","128.524mm","74.041mm","T","90.00","1K"
"R156","0603","152.908mm","79.3115mm","152.908mm","78.486mm","152.908mm","78.486mm","T","90.00","1K"
"R157","0603","154.051mm","79.3115mm","154.051mm","78.486mm","154.051mm","78.486mm","T","90.00","1K"
"R214","0603","144.653mm","46.5455mm","144.653mm","47.371mm","144.653mm","47.371mm","T","270.00","1K"
"R217","0603","144.399mm","43.4975mm","144.399mm","44.323mm","144.399mm","44.323mm","T","270.00","1K"
"R218","0603","147.828mm","47.6885mm","147.828mm","48.514mm","147.828mm","48.514mm","T","270.00","1K"
"R221","0603","147.955mm","44.7675mm","147.955mm","45.593mm","147.955mm","45.593mm","T","270.00","1K"
"R232","0603","157.099mm","46.2915mm","157.099mm","47.117mm","157.099mm","47.117mm","T","270.00","1K"
"R233","0603","156.845mm","43.2435mm","156.845mm","44.069mm","156.845mm","44.069mm","T","270.00","1K"
"R406","0603","42.9895mm","46.863mm","43.815mm","46.863mm","43.815mm","46.863mm","T","180.00","1K"
"R407","0603","44.958mm","44.0055mm","44.958mm","43.18mm","44.958mm","43.18mm","T","90.00","1K"
"R410","0603","45.9105mm","41.529mm","45.085mm","41.529mm","45.085mm","41.529mm","T","360.00","1K"
"R504","0603","138.1125mm","106.68mm","137.287mm","106.68mm","137.287mm","106.68mm","T","360.00","1K"
"R617","0603","128.143mm","106.7435mm","128.143mm","107.569mm","128.143mm","107.569mm","T","270.00","1K"
"R206","0603","124.333mm","36.5125mm","124.333mm","35.687mm","124.333mm","35.687mm","T","90.00","1K5"
"R237","0603","165.0365mm","49.276mm","165.862mm","49.276mm","165.862mm","49.276mm","T","180.00","1K5"
"R241","0603","153.3525mm","55.626mm","152.527mm","55.626mm","152.527mm","55.626mm","T","360.00","1K5"
"R242","0603","152.146mm","53.5305mm","152.146mm","52.705mm","152.146mm","52.705mm","T","90.00","1K5"
"R409","0603","45.9105mm","40.259mm","45.085mm","40.259mm","45.085mm","40.259mm","T","360.00","1K5"
"R532","1206","60.325mm","120.015mm","60.325mm","121.412mm","60.325mm","121.412mm","T","270.00","1M"
"R533","1206","53.848mm","120.015mm","53.848mm","118.618mm","53.848mm","118.618mm","T","90.00","1M"
"R536","1206","51.435mm","120.015mm","51.435mm","121.412mm","51.435mm","121.412mm","T","270.00","1M"
"R537","1206","44.704mm","120.015mm","44.704mm","118.618mm","44.704mm","118.618mm","T","90.00","1M"
"C129","0603","136.4615mm","75.565mm","137.287mm","75.565mm","137.287mm","75.565mm","T","180.00","1n"
"C130","0603","130.175mm","66.1035mm","130.175mm","65.278mm","130.175mm","65.278mm","T","90.00","1n"
"C131","0603","128.905mm","67.1195mm","128.905mm","67.945mm","128.905mm","67.945mm","T","270.00","1n"
"C536","0603","77.1525mm","124.841mm","77.978mm","124.841mm","77.978mm","124.841mm","T","180.00","1n"
"C607","0603","143.9545mm","112.522mm","144.78mm","112.522mm","144.78mm","112.522mm","T","180.00","1n"
"C611","0603","133.2865mm","112.522mm","132.461mm","112.522mm","132.461mm","112.522mm","T","0.00","1n"
"C512","1206","57.277mm","116.459mm","58.674mm","116.459mm","58.674mm","116.459mm","T","180.00","1n"
"C513","1206","46.99mm","116.459mm","48.387mm","116.459mm","48.387mm","116.459mm","T","180.00","1n"
"C524","1206","88.4428mm","119.38mm","88.4428mm","120.777mm","88.4428mm","120.777mm","T","270.00","1n"
"C613","1812","116.205mm","128.27mm","114.173mm","128.27mm","114.173mm","128.27mm","T","90.00","1n5/1000"
"C235","0603","145.415mm","43.4975mm","145.415mm","44.323mm","145.415mm","44.323mm","T","270.00","1p"
"C236","0603","146.939mm","44.7675mm","146.939mm","45.593mm","146.939mm","45.593mm","T","270.00","1p"
"C237","0603","157.861mm","43.2435mm","157.861mm","44.069mm","157.861mm","44.069mm","T","270.00","1p"
"X500","HC49V","47.625mm","101.981mm","50.038mm","101.981mm","50.038mm","101.981mm","T","180.00","2.4576MHz"
"R37","0603","109.5375mm","108.331mm","108.712mm","108.331mm","108.712mm","108.331mm","T","360.00","220R"
"R101","0603","119.634mm","70.5485mm","119.634mm","69.723mm","119.634mm","69.723mm","T","90.00","220R"
"R137","0603","120.777mm","70.5485mm","120.777mm","71.374mm","120.777mm","71.374mm","T","270.00","220R"
"R268","0603","145.0975mm","49.276mm","145.923mm","49.276mm","145.923mm","49.276mm","T","180.00","22K"
"R349","0603","90.043mm","26.9875mm","90.043mm","26.162mm","90.043mm","26.162mm","T","90.00","22K"
"R543","1206","97.282mm","119.126mm","97.282mm","117.729mm","97.282mm","117.729mm","T","90.00","22K0"
"R551","1206","94.742mm","113.538mm","96.139mm","113.538mm","96.139mm","113.538mm","T","180.00","22K0"
"R200","0603","116.586mm","51.6255mm","116.586mm","52.451mm","116.586mm","52.451mm","T","270.00","22R"
"R201","0603","117.983mm","51.6255mm","117.983mm","52.451mm","117.983mm","52.451mm","T","270.00","22R"
"C1","AXIAL1.1/0.4/E","190.754mm","73.533mm","190.754mm","59.563mm","190.754mm","59.563mm","T","90.00","22u/160"
"C2","AXIAL1.1/0.4/E","180.213mm","73.406mm","180.213mm","59.436mm","180.213mm","59.436mm","T","90.00","22u/160"
"R550","0603","91.567mm","118.1735mm","91.567mm","117.348mm","91.567mm","117.348mm","T","90.00","2K7"
"R555","0603","96.5835mm","111.887mm","95.758mm","111.887mm","95.758mm","111.887mm","T","360.00","2K7"
"C134","0805","152.781mm","73.025mm","152.781mm","74.041mm","152.781mm","74.041mm","T","270.00","2n2"
"C225","0805","163.703mm","51.562mm","163.703mm","52.578mm","163.703mm","52.578mm","T","270.00","2n2"
"C523","RAD0.2/0.28","94.488mm","125.984mm","94.488mm","123.444mm","94.488mm","123.444mm","T","90.00","3.3u/50V"
"R612","1206","136.652mm","115.697mm","136.652mm","117.094mm","136.652mm","117.094mm","T","270.00","330K"
"R622","1206","125.984mm","115.697mm","125.984mm","117.094mm","125.984mm","117.094mm","T","270.00","330K"
"R100","0603","152.781mm","69.6595mm","152.781mm","70.485mm","152.781mm","70.485mm","T","270.00","330R"
"R14","2512","185.674mm","36.195mm","185.674mm","38.989mm","185.674mm","38.989mm","T","270.00","330R"
"R15","2512","181.483mm","36.195mm","181.483mm","38.989mm","181.483mm","38.989mm","T","270.00","330R"
"C125","0603","120.777mm","67.6275mm","120.777mm","66.802mm","120.777mm","66.802mm","T","90.00","330p"
"C401","RB.14/.32","27.432mm","13.589mm","29.21mm","13.589mm","29.21mm","13.589mm","T","180.00","330u/6.3"
"C452","RB.14/.32","105.156mm","30.607mm","103.378mm","30.607mm","103.378mm","30.607mm","T","360.00","330u/6.3"
"C453","RB.14/.32","46.101mm","61.214mm","47.879mm","61.214mm","47.879mm","61.214mm","T","180.00","330u/6.3"
"C10","EC_C","126.4285mm","12.319mm","128.905mm","12.319mm","128.905mm","12.319mm","T","180.00","33u/16"
"C106","EC_C","104.4575mm","85.852mm","106.934mm","85.852mm","106.934mm","85.852mm","T","180.00","33u/16"
"C200","EC_C","129.4765mm","31.877mm","131.953mm","31.877mm","131.953mm","31.877mm","T","180.00","33u/16"
"C203","EC_C","128.4605mm","43.307mm","130.937mm","43.307mm","130.937mm","43.307mm","T","180.00","33u/16"
"C419","EC_C","168.7195mm","82.931mm","166.243mm","82.931mm","166.243mm","82.931mm","T","360.00","33u/16"
"C420","EC_C","103.4415mm","58.801mm","100.965mm","58.801mm","100.965mm","58.801mm","T","360.00","33u/16"
"C421","EC_C","109.0295mm","49.784mm","111.506mm","49.784mm","111.506mm","49.784mm","T","180.00","33u/16"
"C422","EC_C","115.1255mm","85.598mm","112.649mm","85.598mm","112.649mm","85.598mm","T","360.00","33u/16"
"C423","EC_C","114.6175mm","92.964mm","112.141mm","92.964mm","112.141mm","92.964mm","T","360.00","33u/16"
"C440","EC_C","145.2245mm","65.278mm","142.748mm","65.278mm","142.748mm","65.278mm","T","360.00","33u/16"
"C441","EC_C","147.1295mm","83.058mm","149.606mm","83.058mm","149.606mm","83.058mm","T","180.00","33u/16"
"C442","EC_C","135.6995mm","15.494mm","138.176mm","15.494mm","138.176mm","15.494mm","T","180.00","33u/16"
"C443","EC_C","135.6995mm","11.811mm","133.223mm","11.811mm","133.223mm","11.811mm","T","360.00","33u/16"
"C528","EC_C","31.623mm","115.3795mm","31.623mm","112.903mm","31.623mm","112.903mm","T","90.00","33u/16"
"C531","EC_C","35.56mm","114.3635mm","35.56mm","111.887mm","35.56mm","111.887mm","T","90.00","33u/16"
"C532","EC_C","41.529mm","118.9355mm","41.529mm","116.459mm","41.529mm","116.459mm","T","90.00","33u/16"
"C533","EC_C","30.0355mm","34.036mm","32.512mm","34.036mm","32.512mm","34.036mm","T","180.00","33u/16"
"C534","EC_C","69.6468mm","110.9345mm","69.6468mm","113.411mm","69.6468mm","113.411mm","T","270.00","33u/16"
"C540","EC_C","73.2028mm","113.9825mm","73.2028mm","111.506mm","73.2028mm","111.506mm","T","90.00","33u/16"
"C541","EC_C","66.421mm","124.6505mm","66.421mm","122.174mm","66.421mm","122.174mm","T","90.00","33u/16"
"C604","EC_C","122.7455mm","99.06mm","120.269mm","99.06mm","120.269mm","99.06mm","T","360.00","33u/16"
"C605","EC_C","134.8105mm","101.219mm","137.287mm","101.219mm","137.287mm","101.219mm","T","180.00","33u/16"
"C610","EC_C","125.2855mm","102.743mm","127.762mm","102.743mm","127.762mm","102.743mm","T","180.00","33u/16"
"C9","EC_A","152.4635mm","105.029mm","153.797mm","105.029mm","153.797mm","105.029mm","T","180.00","3u3/16"
"C436","EC_A","139.319mm","83.5025mm","139.319mm","84.836mm","139.319mm","84.836mm","T","270.00","3u3/16"
"C438","EC_A","146.6215mm","86.106mm","145.288mm","86.106mm","145.288mm","86.106mm","T","360.00","3u3/16"
"C445","EC_A","38.7985mm","45.974mm","37.465mm","45.974mm","37.465mm","45.974mm","T","360.00","3u3/16"
"R231","0603","144.71318mm","57.277mm","145.53868mm","57.277mm","145.53868mm","57.277mm","T","180.00","470K"
"R117","0603","100.6475mm","78.994mm","101.473mm","78.994mm","101.473mm","78.994mm","T","180.00","470R"
"R118","0603","100.6475mm","77.851mm","101.473mm","77.851mm","101.473mm","77.851mm","T","180.00","470R"
"R119","0603","100.6475mm","76.708mm","101.473mm","76.708mm","101.473mm","76.708mm","T","180.00","470R"
"R120","0603","100.6475mm","75.565mm","101.473mm","75.565mm","101.473mm","75.565mm","T","180.00","470R"
"R121","0603","100.6475mm","74.422mm","101.473mm","74.422mm","101.473mm","74.422mm","T","180.00","470R"
"R122","0603","100.6475mm","73.279mm","101.473mm","73.279mm","101.473mm","73.279mm","T","180.00","470R"
"R123","0603","100.6475mm","72.136mm","101.473mm","72.136mm","101.473mm","72.136mm","T","180.00","470R"
"R124","0603","100.6475mm","70.993mm","101.473mm","70.993mm","101.473mm","70.993mm","T","180.00","470R"
"R125","0603","100.6475mm","69.85mm","101.473mm","69.85mm","101.473mm","69.85mm","T","180.00","470R"
"R126","0603","100.6475mm","68.707mm","101.473mm","68.707mm","101.473mm","68.707mm","T","180.00","470R"
"R127","0603","100.6475mm","67.564mm","101.473mm","67.564mm","101.473mm","67.564mm","T","180.00","470R"
"R128","0603","100.6475mm","66.421mm","101.473mm","66.421mm","101.473mm","66.421mm","T","180.00","470R"
"R205","0603","124.968mm","51.7525mm","124.968mm","50.927mm","124.968mm","50.927mm","T","90.00","470R"
"R520","0603","77.5335mm","89.662mm","76.708mm","89.662mm","76.708mm","89.662mm","T","360.00","470R"
"R521","0603","77.5335mm","90.932mm","76.708mm","90.932mm","76.708mm","90.932mm","T","360.00","470R"
"R522","0603","80.01mm","89.2175mm","80.01mm","90.043mm","80.01mm","90.043mm","T","270.00","470R"
"R523","0603","93.091mm","86.2965mm","93.091mm","87.122mm","93.091mm","87.122mm","T","270.00","470R"
"R524","0603","91.186mm","85.7885mm","91.186mm","86.614mm","91.186mm","86.614mm","T","270.00","470R"
"R525","0603","89.408mm","86.1695mm","89.408mm","85.344mm","89.408mm","85.344mm","T","90.00","470R"
"R526","0603","66.7385mm","95.504mm","65.913mm","95.504mm","65.913mm","95.504mm","T","360.00","470R"
"R527","0603","105.3465mm","101.092mm","106.172mm","101.092mm","106.172mm","101.092mm","T","180.00","470R"
"R528","0603","65.9765mm","96.774mm","65.151mm","96.774mm","65.151mm","96.774mm","T","360.00","470R"
"R529","0603","65.9765mm","98.044mm","65.151mm","98.044mm","65.151mm","98.044mm","T","360.00","470R"
"R226","2010","140.96668mm","29.845mm","142.99868mm","29.845mm","143.12568mm","29.845mm","T","180.00","470R"
"R227","2010","149.098mm","29.845mm","151.13mm","29.845mm","151.257mm","29.845mm","T","180.00","470R"
"R135","0805","128.016mm","81.915mm","128.016mm","80.899mm","128.016mm","80.899mm","T","90.00","475R"
"R136","0805","128.016mm","78.359mm","128.016mm","77.343mm","128.016mm","77.343mm","T","90.00","475R"
"R138","0805","120.142mm","81.788mm","120.142mm","80.772mm","120.142mm","80.772mm","T","90.00","475R"
"R139","0805","120.904mm","78.359mm","120.904mm","77.343mm","120.904mm","77.343mm","T","90.00","475R"
"R146","0603","131.572mm","66.4845mm","131.572mm","67.31mm","131.572mm","67.31mm","T","270.00","47K"
"R143","0603","119.6975mm","73.152mm","120.523mm","73.152mm","120.523mm","73.152mm","T","180.00","47R"
"R144","0603","119.0625mm","74.676mm","119.888mm","74.676mm","119.888mm","74.676mm","T","180.00","47R"
"C126","0603","121.92mm","70.5485mm","121.92mm","69.723mm","121.92mm","69.723mm","T","90.00","47p"
"C407","RB.10/.25","18.4404mm","43.307mm","18.4404mm","42.037mm","18.4404mm","42.037mm","T","90.00","47u/25"
"C408","RB.10/.25","25.273mm","43.307mm","25.273mm","42.037mm","25.273mm","42.037mm","T","90.00","47u/25"
"C409","RB.10/.25","4.2164mm","43.307mm","4.2164mm","44.577mm","4.2164mm","44.577mm","T","270.00","47u/25"
"C410","RB.10/.25","11.4554mm","43.307mm","11.4554mm","44.577mm","11.4554mm","44.577mm","T","270.00","47u/25"
"C412","RB.10/.25","33.02mm","50.673mm","33.02mm","49.403mm","33.02mm","49.403mm","T","90.00","47u/25"
"C414","RB.10/.25","26.416mm","50.038mm","26.416mm","48.768mm","26.416mm","48.768mm","T","90.00","47u/25"
"C416","RB.10/.25","26.416mm","56.769mm","26.416mm","58.039mm","26.416mm","58.039mm","T","270.00","47u/25"
"C418","RB.10/.25","33.02mm","57.404mm","33.02mm","58.674mm","33.02mm","58.674mm","T","270.00","47u/25"
"C446","RB.10/.25","51.689mm","13.208mm","50.419mm","13.208mm","50.419mm","13.208mm","T","360.00","47u/25"
"R35","0603","46.2915mm","82.677mm","47.117mm","82.677mm","47.117mm","82.677mm","T","180.00","4K7"
"R107","0603","118.364mm","68.1355mm","118.364mm","68.961mm","118.364mm","68.961mm","T","270.00","4K7"
"R301","0603","58.3565mm","42.799mm","59.182mm","42.799mm","59.182mm","42.799mm","T","180.00","4K7"
"R302","0603","56.007mm","29.6545mm","56.007mm","28.829mm","56.007mm","28.829mm","T","90.00","4K7"
"R303","0603","56.388mm","34.4805mm","56.388mm","35.306mm","56.388mm","35.306mm","T","270.00","4K7"
"R304","0603","57.658mm","33.8455mm","57.658mm","34.671mm","57.658mm","34.671mm","T","270.00","4K7"
"R305","0603","56.9595mm","31.75mm","57.785mm","31.75mm","57.785mm","31.75mm","T","180.00","4K7"
"R306","0603","49.5935mm","40.767mm","50.419mm","40.767mm","50.419mm","40.767mm","T","180.00","4K7"
"R307","0603","58.3565mm","41.021mm","59.182mm","41.021mm","59.182mm","41.021mm","T","180.00","4K7"
"R308","0603","57.4675mm","57.277mm","58.293mm","57.277mm","58.293mm","57.277mm","T","180.00","4K7"
"R310","0603","50.673mm","59.1185mm","50.673mm","58.293mm","50.673mm","58.293mm","T","90.00","4K7"
"R311","0603","54.8005mm","41.021mm","53.975mm","41.021mm","53.975mm","41.021mm","T","0.00","4K7"
"R352","0603","51.8795mm","38.735mm","52.705mm","38.735mm","52.705mm","38.735mm","T","180.00","4K7"
"R411","0603","35.941mm","27.1145mm","35.941mm","27.94mm","35.941mm","27.94mm","T","270.00","4K7"
"R1","2512","194.056mm","56.642mm","194.056mm","59.436mm","194.056mm","59.436mm","T","270.00","4M7"
"R2","2512","186.182mm","56.642mm","186.182mm","59.436mm","186.182mm","59.436mm","T","270.00","4M7"
"C214","0805","141.34768mm","57.15mm","140.33168mm","57.15mm","140.33168mm","57.15mm","T","360.00","4n7"
"C101","EC_A","171.196mm","73.9775mm","171.196mm","75.311mm","171.196mm","75.311mm","T","270.00","4u7"
"C102","EC_A","154.94mm","74.8665mm","154.94mm","76.2mm","154.94mm","76.2mm","T","270.00","4u7"
"C103","EC_A","173.355mm","70.9295mm","173.355mm","69.596mm","173.355mm","69.596mm","T","90.00","4u7"
"C104","EC_A","171.196mm","62.6745mm","171.196mm","61.341mm","171.196mm","61.341mm","T","90.00","4u7"
"C105","EC_A","154.94mm","63.8175mm","154.94mm","62.484mm","154.94mm","62.484mm","T","90.00","4u7"
"C139","EC_A","154.94mm","70.4215mm","154.94mm","69.088mm","154.94mm","69.088mm","T","90.00","4u7"
"C140","EC_A","171.196mm","69.2785mm","171.196mm","67.945mm","171.196mm","67.945mm","T","90.00","4u7"
"C218","EC_A","179.6415mm","48.641mm","180.975mm","48.641mm","180.975mm","48.641mm","T","180.00","4u7"
"C219","EC_A","172.7835mm","49.784mm","171.45mm","49.784mm","171.45mm","49.784mm","T","360.00","4u7"
"C222","EC_A","182.753mm","52.2605mm","182.753mm","53.594mm","182.753mm","53.594mm","T","270.00","4u7"
"C223","EC_A","168.148mm","52.2605mm","168.148mm","53.594mm","168.148mm","53.594mm","T","270.00","4u7"
"C224","EC_A","165.735mm","52.2605mm","165.735mm","53.594mm","165.735mm","53.594mm","T","270.00","4u7"
"C226","EC_A","184.3405mm","48.641mm","185.674mm","48.641mm","185.674mm","48.641mm","T","180.00","4u7"
"C530","EC_A","52.1335mm","116.459mm","50.8mm","116.459mm","50.8mm","116.459mm","T","0.00","4u7"
"C537","EC_A","78.0923mm","122.936mm","76.7588mm","122.936mm","76.7588mm","122.936mm","T","0.00","4u7"
"C538","EC_A","73.787mm","125.4125mm","73.787mm","124.079mm","73.787mm","124.079mm","T","90.00","4u7"
"C539","EC_A","83.5533mm","125.349mm","82.2198mm","125.349mm","82.2198mm","125.349mm","T","360.00","4u7"
"C542","EC_A","84.8995mm","123.063mm","86.233mm","123.063mm","86.233mm","123.063mm","T","180.00","4u7"
"C602","EC_A","146.939mm","107.1245mm","146.939mm","105.791mm","146.939mm","105.791mm","T","90.00","4u7"
"F1","RB.2/.32","16.764mm","104.521mm","16.764mm","107.061mm","16.764mm","107.061mm","T","270.00","500mA"
"F2","RB.2/.32","7.747mm","104.521mm","7.747mm","107.061mm","7.747mm","107.061mm","T","270.00","500mA"
"F3","RB.2/.32","25.019mm","66.421mm","25.019mm","68.961mm","25.019mm","68.961mm","T","270.00","500mA"
"F4","RB.2/.32","25.019mm","75.565mm","25.019mm","78.105mm","25.019mm","78.105mm","T","270.00","500mA"
"R252","1206","178.181mm","30.48mm","176.784mm","30.48mm","176.784mm","30.48mm","T","360.00","560R"
"R253","1206","173.482mm","30.48mm","172.085mm","30.48mm","172.085mm","30.48mm","T","360.00","560R"
"R254","1206","164.084mm","30.48mm","162.687mm","30.48mm","162.687mm","30.48mm","T","360.00","560R"
"R255","1206","168.783mm","30.48mm","167.386mm","30.48mm","167.386mm","30.48mm","T","360.00","560R"
"C4","6560","173.609mm","107.442mm","173.609mm","113.792mm","173.609mm","113.792mm","T","270.00","680n/250"
"C5","6560","190.373mm","107.442mm","190.373mm","113.792mm","190.373mm","113.792mm","T","270.00","680n/250"
"R17","0603","59.055mm","95.8215mm","59.055mm","94.996mm","59.055mm","94.996mm","T","90.00","68R"
"R18","0603","60.198mm","95.8215mm","60.198mm","94.996mm","60.198mm","94.996mm","T","90.00","68R"
"R19","0603","57.912mm","95.8215mm","57.912mm","94.996mm","57.912mm","94.996mm","T","90.00","68R"
"R41","0603","46.0375mm","55.245mm","46.863mm","55.245mm","46.863mm","55.245mm","T","180.00","68R"
"R142","0603","121.92mm","67.6275mm","121.92mm","68.453mm","121.92mm","68.453mm","T","270.00","68R"
"R611","0603","144.145mm","114.7445mm","144.145mm","115.57mm","144.145mm","115.57mm","T","270.00","68R"
"R621","0603","133.477mm","114.7445mm","133.477mm","115.57mm","133.477mm","115.57mm","T","270.00","68R"
"R10","2512","156.21mm","36.195mm","156.21mm","38.989mm","156.21mm","38.989mm","T","270.00","68R"
"R11","2512","160.401mm","36.195mm","160.401mm","38.989mm","160.401mm","38.989mm","T","270.00","68R"
"R133","0805","131.953mm","91.567mm","131.953mm","92.583mm","131.953mm","92.583mm","T","270.00","6K81"
"R134","0805","133.604mm","91.567mm","133.604mm","92.583mm","133.604mm","92.583mm","T","270.00","6K81"
"R248","2512","177.292mm","36.195mm","177.292mm","38.989mm","177.292mm","38.989mm","T","270.00","820R"
"R249","2512","173.228mm","36.195mm","173.228mm","38.989mm","173.228mm","38.989mm","T","270.00","820R"
"R250","2512","168.91mm","36.195mm","168.91mm","38.989mm","168.91mm","38.989mm","T","270.00","820R"
"R251","2512","164.846mm","36.195mm","164.846mm","38.989mm","164.846mm","38.989mm","T","270.00","820R"
"U300","SO-8","47.371mm","24.003mm","45.466mm","21.209mm","45.466mm","21.209mm","T","90.00","93LC56BSN"
"U212","SSOP20","175.429mm","54.60599mm","171.704mm","57.531mm","171.704mm","57.531mm","T","360.00","AD1858"
"U111","SOL28/400","163.068mm","66.675mm","168.148mm","58.42mm","168.148mm","58.42mm","T","180.00","AD1877"
"U109","SO-8","144.145mm","77.851mm","146.939mm","75.946mm","146.939mm","75.946mm","T","180.00","AD746"
"U506","SOIC-16/300","55.88mm","109.855mm","60.452mm","105.41mm","60.452mm","105.41mm","T","90.00","AD7715"
"U507","SOIC-16/300","43.434mm","109.855mm","48.006mm","105.41mm","48.006mm","105.41mm","T","90.00","AD7715"
"U509","SOIC-16/300","81.0768mm","116.332mm","85.6488mm","111.887mm","85.6488mm","111.887mm","T","90.00","AD7715"
"U110","SO-8","144.272mm","69.85mm","147.066mm","67.945mm","147.066mm","67.945mm","T","180.00","AD823"
"U210","SO-8","145.288mm","53.594mm","142.494mm","55.499mm","142.494mm","55.499mm","T","0.00","AD823"
"U213","SO-8","156.972mm","52.324mm","154.178mm","54.229mm","154.178mm","54.229mm","T","0.00","AD823"
"U408","SO-8","40.386mm","41.783mm","43.18mm","39.878mm","43.18mm","39.878mm","T","180.00","AD823"
"U214","SO-8","171.577mm","44.069mm","168.783mm","45.974mm","168.783mm","45.974mm","T","0.00","AD825"
"U215","SO-8","162.433mm","44.069mm","159.639mm","45.974mm","159.639mm","45.974mm","T","0.00","AD825"
"U216","SO-8","180.721mm","44.069mm","177.927mm","45.974mm","177.927mm","45.974mm","T","0.00","AD825"
"U207","SO-8","136.906mm","53.721mm","135.001mm","50.927mm","135.001mm","50.927mm","T","90.00","AD826"
"U208","SO-8","139.954mm","45.085mm","142.748mm","43.18mm","142.748mm","43.18mm","T","180.00","AD828"
"U209","SO-8","152.4mm","45.085mm","155.194mm","43.18mm","155.194mm","43.18mm","T","180.00","AD828"
"U107","TQFP44","110.532mm","72.961mm","116.332mm","68.961mm","116.332mm","68.961mm","T","180.00","AD9042AST"
"U101","SO-8","128.27mm","89.408mm","130.175mm","92.202mm","130.175mm","92.202mm","T","270.00","AD9631"
"U104","SO-8","122.301mm","89.408mm","124.206mm","92.202mm","124.206mm","92.202mm","T","270.00","AD9631"
"U105","SO-8","132.969mm","80.518mm","135.763mm","78.613mm","135.763mm","78.613mm","T","180.00","AD9631"
"U103","SO-8","125.349mm","70.485mm","123.444mm","67.691mm","123.444mm","67.691mm","T","90.00","AD9632"
"U106","SO-8","124.333mm","79.121mm","126.238mm","81.915mm","126.238mm","81.915mm","T","270.00","AD9632"
"U205","SO-8","121.666mm","54.229mm","119.761mm","51.435mm","119.761mm","51.435mm","T","90.00","AD9632"
"U206","SO-8","129.286mm","54.483mm","127.381mm","51.689mm","127.381mm","51.689mm","T","90.00","AD9632"
"U204","MQFP44","115.593mm","40.069mm","109.093mm","44.069mm","109.093mm","44.069mm","T","0.00","AD9774AS"
"U508","RM-8","89.37244mm","114.0968mm","90.3478mm","116.078mm","90.3478mm","116.078mm","T","180.00","ADG719BRM"
"U601","RM-8","136.48436mm","110.0582mm","135.509mm","108.077mm","135.509mm","108.077mm","T","0.00","ADG719BRM"
"U605","RM-8","125.68936mm","110.0582mm","124.714mm","108.077mm","124.714mm","108.077mm","T","360.00","ADG719BRM"
"L399","AXIAL0.6/0.2","39.624mm","12.573mm","32.004mm","12.573mm","32.004mm","12.573mm","T","0.00","B82131-A5402-M"
"T100","CMCHOKE1","101.219mm","53.848mm","101.219mm","53.848mm","97.536mm","55.118mm","T","360.00","B82790-C0113-N201"
"T200","CMCHOKE1","141.732mm","23.241mm","141.732mm","23.241mm","138.049mm","21.971mm","T","360.00","B82790-C0113-N201"
"T201","CMCHOKE1","169.291mm","23.241mm","169.291mm","23.241mm","165.608mm","21.971mm","T","0.00","B82790-C0474-N215"
"L401","1808","33.02mm","44.45mm","33.02mm","42.418mm","33.02mm","42.418mm","T","90.00","BLM41P750SPT"
"L403","1808","30.988mm","37.719mm","28.956mm","37.719mm","28.956mm","37.719mm","T","360.00","BLM41P750SPT"
"L404","1808","30.226mm","44.45mm","30.226mm","42.418mm","30.226mm","42.418mm","T","90.00","BLM41P750SPT"
"L411","1808","99.441mm","94.742mm","99.441mm","92.71mm","99.441mm","92.71mm","T","90.00","BLM41P750SPT"
"L412","1808","103.251mm","94.361mm","103.251mm","92.329mm","103.251mm","92.329mm","T","90.00","BLM41P750SPT"
"Q2","SOT-23GSD","108.4453mm","105.791mm","107.4928mm","104.775mm","107.4928mm","104.775mm","T","0.00","BSS138"
"Q505","SOT-23GSD","111.8743mm","105.791mm","110.9218mm","104.775mm","110.9218mm","104.775mm","T","0.00","BSS138"
"U8","SO-14","94.869mm","30.98801mm","92.075mm","34.798mm","92.075mm","34.798mm","T","360.00","CD74ACT04"
"U202","TSSOP20","100.13mm","39.74699mm","97.155mm","42.672mm","97.155mm","42.672mm","T","360.00","CD74ACT574"
"U203","TSSOP20","100.13mm","47.36699mm","97.155mm","50.292mm","97.155mm","50.292mm","T","360.00","CD74ACT574"
"U504","SO-8","72.644mm","95.758mm","69.85mm","97.663mm","69.85mm","97.663mm","T","360.00","DAC8512FS"
"U505","SO-8","81.534mm","95.758mm","78.74mm","97.663mm","78.74mm","97.663mm","T","360.00","DAC8512FS"
"D400","SMA","24.765mm","29.337mm","24.765mm","29.337mm","24.765mm","27.305mm","T","90.00","ES1B"
"D401","SMA","24.765mm","22.479mm","24.765mm","22.479mm","24.765mm","24.511mm","T","270.00","ES1B"
"D407","SMA","15.494mm","36.449mm","15.494mm","36.449mm","15.494mm","34.417mm","T","90.00","ES1B"
"D408","SMA","12.192mm","36.449mm","12.192mm","36.449mm","12.192mm","38.481mm","T","270.00","ES1B"
"T4","DIP8","118.4148mm","109.728mm","114.6048mm","113.538mm","114.6048mm","113.538mm","T","360.00","HCPL-2631"
"T5","DIP8","118.491mm","120.269mm","114.681mm","124.079mm","114.681mm","124.079mm","T","360.00","HCPL-2631"
"T500","DIP8","87.9348mm","105.664mm","84.1248mm","101.854mm","84.1248mm","101.854mm","T","90.00","HCPL-2631"
"T501","DIP8","77.0128mm","105.664mm","80.8228mm","109.474mm","80.8228mm","109.474mm","T","270.00","HCPL-2631"
"T502","DIP8","98.6028mm","105.664mm","94.7928mm","101.854mm","94.7928mm","101.854mm","T","90.00","HCPL-2631"
"CN4","SMT6","40.894mm","25.146mm","40.894mm","25.146mm","42.164mm","28.321mm","T","270.00","ISP"
"U602","SO-8","130.556mm","96.774mm","127.762mm","98.679mm","127.762mm","98.679mm","T","360.00","LM79L05ACM"
"D402","SMB","23.749mm","36.576mm","23.749mm","34.163mm","23.749mm","34.163mm","T","90.00","MBRS130LT3"
"D403","SMB","19.431mm","36.576mm","19.431mm","38.989mm","19.431mm","38.989mm","T","270.00","MBRS130LT3"
"D404","SMB","8.255mm","36.449mm","8.255mm","34.036mm","8.255mm","34.036mm","T","90.00","MBRS130LT3"
"D405","SMB","4.064mm","36.449mm","4.064mm","38.862mm","4.064mm","38.862mm","T","270.00","MBRS130LT3"
"U406","DPACK","160.401mm","91.6305mm","160.401mm","87.249mm","158.115mm","87.503mm","T","360.00","MC78M15CDT"
"U407","DPACK","152.654mm","91.6305mm","152.654mm","87.249mm","150.368mm","87.503mm","T","360.00","MC79M15CDT"
"CN5","PIN","198.628mm","12.954mm","198.628mm","12.954mm","198.628mm","12.954mm","T","0.00","MGD"
"Q610","TO-126/ECB/H","130.937mm","123.2535mm","130.937mm","117.729mm","128.397mm","117.729mm","T","360.00","MJE340"
"Q607","TO-126/ECB/H","141.605mm","123.2535mm","141.605mm","117.729mm","141.605mm","128.778mm","T","360.00","MJE350"
"L1","1307","128.524mm","17.018mm","128.524mm","18.415mm","128.524mm","18.415mm","T","270.00","MLS0805-4S7-121"
"L100","1307","102.743mm","89.281mm","101.346mm","89.281mm","101.346mm","89.281mm","T","360.00","MLS0805-4S7-121"
"L200","1307","134.747mm","40.64mm","134.747mm","42.037mm","134.747mm","42.037mm","T","270.00","MLS0805-4S7-121"
"L201","1307","132.588mm","47.752mm","132.588mm","49.149mm","132.588mm","49.149mm","T","270.00","MLS0805-4S7-121"
"L407","1307","98.933mm","86.36mm","98.933mm","87.757mm","98.933mm","87.757mm","T","270.00","MLS0805-4S7-121"
"L408","1307","97.409mm","80.899mm","97.409mm","82.296mm","97.409mm","82.296mm","T","270.00","MLS0805-4S7-121"
"L409","1307","108.204mm","89.281mm","106.807mm","89.281mm","106.807mm","89.281mm","T","360.00","MLS0805-4S7-121"
"L410","1307","108.204mm","92.583mm","106.807mm","92.583mm","106.807mm","92.583mm","T","360.00","MLS0805-4S7-121"
"L413","1307","142.113mm","85.598mm","142.113mm","86.995mm","142.113mm","86.995mm","T","270.00","MLS0805-4S7-121"
"L415","1307","141.351mm","89.535mm","142.748mm","89.535mm","142.748mm","89.535mm","T","180.00","MLS0805-4S7-121"
"L416","1307","155.067mm","84.201mm","156.464mm","84.201mm","156.464mm","84.201mm","T","180.00","MLS0805-4S7-121"
"NTC1","0805","3.2004mm","27.0256mm","3.2004mm","26.0096mm","3.2004mm","26.0096mm","T","90.00","NTC-B57620C103"
"U102","SO-8","132.207mm","72.009mm","134.112mm","74.803mm","134.112mm","74.803mm","T","270.00","OP279GS"
"U600","SO-8","142.24mm","107.95mm","144.145mm","110.744mm","144.145mm","110.744mm","T","270.00","OP279GS"
"U604","SO-8","131.572mm","107.95mm","133.477mm","110.744mm","133.477mm","110.744mm","T","270.00","OP279GS"
"T1","DIP4S","107.8738mm","112.268mm","111.9378mm","110.998mm","111.9378mm","110.998mm","T","180.00","PC817"
"T2","DIP4S","107.8738mm","122.936mm","103.8098mm","124.206mm","103.8098mm","124.206mm","T","0.00","PC817"
"T3","DIP4S","107.8738mm","117.602mm","103.8098mm","118.872mm","103.8098mm","118.872mm","T","0.00","PC817"
"CN300","CON_PCI32","81.026mm","4.572mm","42.291mm","4.572mm","42.291mm","4.572mm","T","0.00","PCI32"
"U2","PQFP-176","74.24998mm","32.78898mm","63.5mm","19.939mm","63.5mm","19.939mm","T","90.00","PCI9054-AB50PI"
"REL1","NAIS-TX2","154.051mm","23.241mm","148.971mm","20.701mm","148.971mm","20.701mm","T","90.00","RELAY"
"REL2","NAIS-TX2","181.483mm","23.241mm","176.403mm","20.701mm","176.403mm","20.701mm","T","90.00","RELAY"
"REL3","NAIS-TX2","191.262mm","93.345mm","186.182mm","90.805mm","186.182mm","90.805mm","T","90.00","RELAY"
"REL4","NAIS-TX2","195.199mm","27.813mm","192.659mm","32.893mm","192.659mm","32.893mm","T","0.00","RELAY"
"REL5","NAIS-TX2","192.024mm","40.894mm","194.564mm","35.814mm","194.564mm","35.814mm","T","180.00","RELAY"
"REL6","NAIS-TX2","189.484mm","124.714mm","192.024mm","119.634mm","192.024mm","119.634mm","T","180.00","RELAY"
"REL7","NAIS-TX2","181.737mm","124.714mm","184.277mm","119.634mm","184.277mm","119.634mm","T","180.00","RELAY"
"REL8","NAIS-TX2","14.351mm","115.57mm","19.431mm","118.11mm","19.431mm","118.11mm","T","270.00","RELAY"
"REL9","NAIS-TX2","25.527mm","96.52mm","22.987mm","101.6mm","22.987mm","101.6mm","T","360.00","RELAY"
"REL10","NAIS-TX2","197.231mm","124.714mm","199.771mm","119.634mm","199.771mm","119.634mm","T","180.00","RELAY"
"REL11","NAIS-TX2","175.387mm","93.345mm","170.307mm","90.805mm","170.307mm","90.805mm","T","90.00","RELAY"
"REL12","NAIS-TX2","160.401mm","110.617mm","157.861mm","115.697mm","157.861mm","115.697mm","T","0.00","RELAY"
"REL13","NAIS-TX2","150.749mm","124.714mm","153.289mm","119.634mm","153.289mm","119.634mm","T","180.00","RELAY"
"REL14","NAIS-TX2","158.496mm","124.714mm","161.036mm","119.634mm","161.036mm","119.634mm","T","180.00","RELAY"
"REL15","NAIS-TX2","173.99mm","124.714mm","176.53mm","119.634mm","176.53mm","119.634mm","T","180.00","RELAY"
"REL16","NAIS-TX2","52.578mm","126.492mm","47.498mm","123.952mm","47.498mm","123.952mm","T","90.00","RELAY"
"REL17","NAIS-TX2","166.243mm","124.714mm","168.783mm","119.634mm","168.783mm","119.634mm","T","180.00","RELAY"
"CN2","RJ-45/G","11.303mm","58.801mm","14.732mm","63.246mm","14.732mm","63.246mm","T","0.00","RJ-45"
"CN3","RJ-45/G","11.303mm","73.787mm","14.732mm","78.232mm","14.732mm","78.232mm","T","0.00","RJ-45"
"D211","SMB","148.59mm","14.351mm","148.59mm","11.938mm","148.59mm","11.938mm","T","90.00","SMBJ5.0CA"
"D212","SMB","152.654mm","14.351mm","152.654mm","16.764mm","152.654mm","16.764mm","T","270.00","SMBJ5.0CA"
"D213","SMB","24.765mm","122.682mm","27.178mm","122.682mm","27.178mm","122.682mm","T","180.00","SMBJ5.0CA"
"D504","SMB","106.2228mm","127.762mm","108.6358mm","127.762mm","108.6358mm","127.762mm","T","180.00","SMBJ5.0CA"
"CN100","IDC20","27.178mm","129.413mm","15.748mm","128.143mm","15.748mm","128.143mm","T","360.00","SPANA"
"TR401","PIN","24.13mm","17.653mm","24.13mm","17.653mm","24.13mm","17.653mm","T","90.00","Screen"
"Q402","SO-8","43.942mm","35.814mm","46.736mm","33.909mm","46.736mm","33.909mm","T","180.00","Si4412DY"
"U7","DIP14/OSC","108.712mm","19.812mm","101.092mm","16.002mm","101.092mm","16.002mm","T","90.00","TCXO 32MHz"
"U400","SO-16","30.988mm","23.3172mm","33.782mm","18.8722mm","33.782mm","18.8722mm","T","180.00","TD310D"
"TR400","EFD20","11.938mm","22.098mm","11.938mm","22.098mm","4.318mm","13.208mm","T","90.00","TRANSFORMER01"
"U1","PQFP-208","76.88497mm","68.38997mm","64.135mm","53.34mm","64.135mm","53.34mm","T","90.00","XC2S100-5"
"U3","VQFP-64","52.35899mm","49.59001mm","46.609mm","53.34mm","46.609mm","53.34mm","T","0.00","XC9536XL-10-VQ64"
"U6","SOT-223","122.809mm","19.431mm","122.809mm","16.256mm","120.523mm","16.256mm","T","0.00","ZR78L05G"
"U510","SOT-223","33.782mm","106.045mm","33.782mm","109.22mm","36.068mm","109.22mm","T","180.00","ZR78L05G"
"U4","SOJ-36","44.323mm","75.184mm","33.528mm","70.358mm","33.528mm","70.358mm","T","90.00","uPD434008ALLE-A15"
"U5","SOJ-36","44.958mm","91.186mm","34.163mm","86.36mm","34.163mm","86.36mm","T","90.00","uPD434008ALLE-A15"
"B1","0603","48.0695mm","10.922mm","48.895mm","10.922mm","48.895mm","10.922mm","B","180.00","0.1u"
"B2","0603","119.634mm","11.7475mm","119.634mm","12.573mm","119.634mm","12.573mm","B","270.00","0.1u"
"B3","0603","94.869mm","33.9725mm","94.869mm","33.147mm","94.869mm","33.147mm","B","90.00","0.1u"
"B5","0603","87.1982mm","64.3001mm","87.1982mm","63.4746mm","87.1982mm","63.4746mm","B","90.00","0.1u"
"B6","0603","38.6715mm","11.049mm","37.846mm","11.049mm","37.846mm","11.049mm","B","360.00","0.1u"
"B7","0603","74.1299mm","100.4062mm","73.3044mm","100.4062mm","73.3044mm","100.4062mm","B","360.00","0.1u"
"B9","0603","69.7992mm","26.0985mm","69.7992mm","26.924mm","69.7992mm","26.924mm","B","270.00","0.1u"
"B10","0603","81.153mm","26.0985mm","81.153mm","26.924mm","81.153mm","26.924mm","B","270.00","0.1u"
"B16","0603","98.9965mm","11.049mm","99.822mm","11.049mm","99.822mm","11.049mm","B","180.00","0.1u"
"B17","0603","76.1365mm","11.049mm","76.962mm","11.049mm","76.962mm","11.049mm","B","180.00","0.1u"
"B18","0603","61.9125mm","20.32mm","61.087mm","20.32mm","61.087mm","20.32mm","B","360.00","0.1u"
"B19","0603","73.0885mm","20.32mm","72.263mm","20.32mm","72.263mm","20.32mm","B","360.00","0.1u"
"B20","0603","78.1685mm","20.32mm","77.343mm","20.32mm","77.343mm","20.32mm","B","360.00","0.1u"
"B21","0603","86.1695mm","20.193mm","85.344mm","20.193mm","85.344mm","20.193mm","B","360.00","0.1u"
"B22","0603","75.2475mm","45.212mm","76.073mm","45.212mm","76.073mm","45.212mm","B","180.00","0.1u"
"B24","0603","86.0425mm","45.339mm","86.868mm","45.339mm","86.868mm","45.339mm","B","180.00","0.1u"
"B25","0603","78.5495mm","45.212mm","77.724mm","45.212mm","77.724mm","45.212mm","B","360.00","0.1u"
"B26","0603","72.0725mm","45.212mm","72.898mm","45.212mm","72.898mm","45.212mm","B","180.00","0.1u"
"B27","0603","61.722mm","42.3545mm","61.722mm","41.529mm","61.722mm","41.529mm","B","90.00","0.1u"
"B28","0603","61.722mm","39.4335mm","61.722mm","40.259mm","61.722mm","40.259mm","B","270.00","0.1u"
"B30","0603","63.881mm","36.6395mm","63.881mm","37.465mm","63.881mm","37.465mm","B","270.00","0.1u"
"B31","0603","55.626mm","48.8315mm","55.626mm","49.657mm","55.626mm","49.657mm","B","270.00","0.1u"
"B32","0603","47.117mm","51.3715mm","47.117mm","50.546mm","47.117mm","50.546mm","B","90.00","0.1u"
"B33","0603","53.4035mm","52.832mm","54.229mm","52.832mm","54.229mm","52.832mm","B","180.00","0.1u"
"B34","0603","69.1515mm","53.721mm","68.326mm","53.721mm","68.326mm","53.721mm","B","360.00","0.1u"
"B35","0603","75.7555mm","56.007mm","74.93mm","56.007mm","74.93mm","56.007mm","B","360.00","0.1u"
"B36","0603","91.567mm","55.8165mm","91.567mm","56.642mm","91.567mm","56.642mm","B","270.00","0.1u"
"B37","0603","91.567mm","79.5655mm","91.567mm","80.391mm","91.567mm","80.391mm","B","270.00","0.1u"
"B38","0603","62.23mm","80.0735mm","62.23mm","80.899mm","62.23mm","80.899mm","B","270.00","0.1u"
"B39","0603","62.23mm","56.8325mm","62.23mm","57.658mm","62.23mm","57.658mm","B","270.00","0.1u"
"B40","0603","89.154mm","60.8965mm","89.154mm","60.071mm","89.154mm","60.071mm","B","90.00","0.1u"
"B41","0603","84.3915mm","83.82mm","83.566mm","83.82mm","83.566mm","83.82mm","B","360.00","0.1u"
"B42","0603","72.136mm","83.7565mm","72.136mm","82.931mm","72.136mm","82.931mm","B","90.00","0.1u"
"B43","0603","62.23mm","76.1365mm","62.23mm","76.962mm","62.23mm","76.962mm","B","270.00","0.1u"
"B44","0603","62.23mm","69.6595mm","62.23mm","70.485mm","62.23mm","70.485mm","B","270.00","0.1u"
"B45","0603","62.23mm","60.1345mm","62.23mm","59.309mm","62.23mm","59.309mm","B","90.00","0.1u"
"B46","0603","87.1855mm","11.049mm","88.011mm","11.049mm","88.011mm","11.049mm","B","180.00","0.1u"
"B47","0603","68.3895mm","11.049mm","69.215mm","11.049mm","69.215mm","11.049mm","B","180.00","0.1u"
"B48","0603","45.0215mm","86.995mm","45.847mm","86.995mm","45.847mm","86.995mm","B","180.00","0.1u"
"B49","0603","44.8945mm","79.375mm","44.069mm","79.375mm","44.069mm","79.375mm","B","360.00","0.1u"
"B51","0603","44.8945mm","71.12mm","45.72mm","71.12mm","45.72mm","71.12mm","B","180.00","0.1u"
"B52","0603","84.7725mm","53.594mm","85.598mm","53.594mm","85.598mm","53.594mm","B","180.00","0.1u"
"B53","0603","75.2475mm","84.455mm","74.422mm","84.455mm","74.422mm","84.455mm","B","360.00","0.1u"
"B56","0603","109.4105mm","11.303mm","110.236mm","11.303mm","110.236mm","11.303mm","B","180.00","0.1u"
"B57","0603","91.6051mm","37.6682mm","92.4306mm","37.6682mm","92.4306mm","37.6682mm","B","180.00","0.1u"
"B58","0603","71.6915mm","56.007mm","72.517mm","56.007mm","72.517mm","56.007mm","B","180.00","0.1u"
"B59","0603","78.5495mm","53.721mm","79.375mm","53.721mm","79.375mm","53.721mm","B","180.00","0.1u"
"B60","0603","83.1215mm","56.007mm","83.947mm","56.007mm","83.947mm","56.007mm","B","180.00","0.1u"
"B61","0603","91.567mm","64.1985mm","91.567mm","65.024mm","91.567mm","65.024mm","B","270.00","0.1u"
"B62","0603","91.567mm","68.0085mm","91.567mm","68.834mm","91.567mm","68.834mm","B","270.00","0.1u"
"B63","0603","91.567mm","74.8665mm","91.567mm","75.692mm","91.567mm","75.692mm","B","270.00","0.1u"
"B64","0603","81.0895mm","83.058mm","80.264mm","83.058mm","80.264mm","83.058mm","B","360.00","0.1u"
"B65","0603","77.4065mm","83.058mm","76.581mm","83.058mm","76.581mm","83.058mm","B","360.00","0.1u"
"B66","0603","69.7865mm","83.058mm","68.961mm","83.058mm","68.961mm","83.058mm","B","360.00","0.1u"
"B67","0603","62.23mm","72.8345mm","62.23mm","72.009mm","62.23mm","72.009mm","B","90.00","0.1u"
"B68","0603","62.23mm","66.4845mm","62.23mm","65.659mm","62.23mm","65.659mm","B","90.00","0.1u"
"B69","0603","62.23mm","63.4365mm","62.23mm","64.262mm","62.23mm","64.262mm","B","270.00","0.1u"
"B100","0603","121.9835mm","87.249mm","121.158mm","87.249mm","121.158mm","87.249mm","B","360.00","0.1u"
"B101","0603","121.2215mm","89.535mm","120.396mm","89.535mm","120.396mm","89.535mm","B","360.00","0.1u"
"B102","0603","128.3335mm","87.249mm","127.508mm","87.249mm","127.508mm","87.249mm","B","360.00","0.1u"
"B103","0603","127.1905mm","89.535mm","126.365mm","89.535mm","126.365mm","89.535mm","B","360.00","0.1u"
"B104","0603","125.222mm","79.4385mm","125.222mm","80.264mm","125.222mm","80.264mm","B","270.00","0.1u"
"B105","0603","123.3805mm","81.534mm","122.555mm","81.534mm","122.555mm","81.534mm","B","360.00","0.1u"
"B106","0603","132.969mm","80.7085mm","132.969mm","81.534mm","132.969mm","81.534mm","B","270.00","0.1u"
"B107","0603","131.8895mm","72.136mm","131.064mm","72.136mm","131.064mm","72.136mm","B","360.00","0.1u"
"B108","0603","126.4285mm","70.485mm","127.254mm","70.485mm","127.254mm","70.485mm","B","180.00","0.1u"
"B109","0603","115.951mm","70.9295mm","115.951mm","71.755mm","115.951mm","71.755mm","B","270.00","0.1u"
"B110","0603","111.0615mm","67.564mm","110.236mm","67.564mm","110.236mm","67.564mm","B","360.00","0.1u"
"B111","0603","107.8865mm","67.564mm","107.061mm","67.564mm","107.061mm","67.564mm","B","360.00","0.1u"
"B112","0603","143.7005mm","76.835mm","144.526mm","76.835mm","144.526mm","76.835mm","B","180.00","0.1u"
"B113","0603","144.8435mm","78.867mm","145.669mm","78.867mm","145.669mm","78.867mm","B","180.00","0.1u"
"B114","0603","143.7005mm","68.834mm","144.526mm","68.834mm","144.526mm","68.834mm","B","180.00","0.1u"
"B115","0603","144.8435mm","70.866mm","145.669mm","70.866mm","145.669mm","70.866mm","B","180.00","0.1u"
"B200","0603","100.711mm","48.7045mm","100.711mm","47.879mm","100.711mm","47.879mm","B","90.00","0.1u"
"B201","0603","101.092mm","40.5765mm","101.092mm","39.751mm","101.092mm","39.751mm","B","90.00","0.1u"
"B202","0603","116.5225mm","33.147mm","117.348mm","33.147mm","117.348mm","33.147mm","B","180.00","0.1u"
"B203","0603","114.3635mm","46.101mm","115.189mm","46.101mm","115.189mm","46.101mm","B","180.00","0.1u"
"B206","0603","156.2735mm","54.229mm","155.448mm","54.229mm","155.448mm","54.229mm","B","360.00","0.1u"
"B207","0603","156.845mm","51.4985mm","156.845mm","50.673mm","156.845mm","50.673mm","B","90.00","0.1u"
"B208","0603","160.9725mm","45.847mm","160.147mm","45.847mm","160.147mm","45.847mm","B","360.00","0.1u"
"B209","0603","160.147mm","43.2435mm","160.147mm","42.418mm","160.147mm","42.418mm","B","90.00","0.1u"
"B210","0603","173.1645mm","46.609mm","172.339mm","46.609mm","172.339mm","46.609mm","B","360.00","0.1u"
"B211","0603","170.7515mm","41.021mm","169.926mm","41.021mm","169.926mm","41.021mm","B","360.00","0.1u"
"B212","0603","181.5465mm","45.847mm","180.721mm","45.847mm","180.721mm","45.847mm","B","360.00","0.1u"
"B213","0603","179.578mm","44.0055mm","179.578mm","43.18mm","179.578mm","43.18mm","B","90.00","0.1u"
"B214","0603","154.686mm","36.3855mm","154.686mm","35.56mm","154.686mm","35.56mm","B","90.00","0.1u"
"B215","0603","149.9235mm","31.242mm","150.749mm","31.242mm","150.749mm","31.242mm","B","180.00","0.1u"
"B216","0603","169.418mm","36.6395mm","169.418mm","35.814mm","169.418mm","35.814mm","B","90.00","0.1u"
"B217","0603","164.9095mm","31.242mm","165.735mm","31.242mm","165.735mm","31.242mm","B","180.00","0.1u"
"B218","0603","122.301mm","55.1815mm","122.301mm","54.356mm","122.301mm","54.356mm","B","90.00","0.1u"
"B219","0603","122.7455mm","52.197mm","123.571mm","52.197mm","123.571mm","52.197mm","B","180.00","0.1u"
"B220","0603","129.9845mm","54.61mm","130.81mm","54.61mm","130.81mm","54.61mm","B","180.00","0.1u"
"B221","0603","132.207mm","53.9115mm","132.207mm","53.086mm","132.207mm","53.086mm","B","90.00","0.1u"
"B222","0603","136.96618mm","54.737mm","137.79168mm","54.737mm","137.79168mm","54.737mm","B","180.00","0.1u"
"B223","0603","137.98218mm","53.594mm","138.80768mm","53.594mm","138.80768mm","53.594mm","B","180.00","0.1u"
"B224","0603","147.447mm","54.6735mm","147.447mm","53.848mm","147.447mm","53.848mm","B","90.00","0.1u"
"B225","0603","145.41168mm","52.6415mm","145.41168mm","51.816mm","145.41168mm","51.816mm","B","90.00","0.1u"
"B226","0603","152.65068mm","43.8785mm","152.65068mm","44.704mm","152.65068mm","44.704mm","B","270.00","0.1u"
"B227","0603","154.04768mm","46.6725mm","154.04768mm","47.498mm","154.04768mm","47.498mm","B","270.00","0.1u"
"B228","0603","137.541mm","44.6405mm","137.541mm","45.466mm","137.541mm","45.466mm","B","270.00","0.1u"
"B229","0603","139.7mm","46.1645mm","139.7mm","46.99mm","139.7mm","46.99mm","B","270.00","0.1u"
"C12","0603","109.6645mm","21.844mm","110.49mm","21.844mm","110.49mm","21.844mm","B","180.00","0.1u"
"C107","0603","132.2705mm","88.138mm","133.096mm","88.138mm","133.096mm","88.138mm","B","180.00","0.1u"
"C108","0603","132.2705mm","86.995mm","131.445mm","86.995mm","131.445mm","86.995mm","B","360.00","0.1u"
"C112","0603","107.6325mm","78.359mm","106.807mm","78.359mm","106.807mm","78.359mm","B","360.00","0.1u"
"C113","0603","110.9345mm","78.359mm","110.109mm","78.359mm","110.109mm","78.359mm","B","360.00","0.1u"
"C114","0603","114.1095mm","78.359mm","113.284mm","78.359mm","113.284mm","78.359mm","B","360.00","0.1u"
"C116","0603","149.0345mm","80.137mm","149.86mm","80.137mm","149.86mm","80.137mm","B","180.00","0.1u"
"C117","0603","158.242mm","78.4225mm","158.242mm","77.597mm","158.242mm","77.597mm","B","90.00","0.1u"
"C118","0603","165.227mm","74.4855mm","165.227mm","73.66mm","165.227mm","73.66mm","B","90.00","0.1u"
"C119","0603","163.1315mm","68.58mm","162.306mm","68.58mm","162.306mm","68.58mm","B","360.00","0.1u"
"C120","0603","160.909mm","74.4855mm","160.909mm","73.66mm","160.909mm","73.66mm","B","90.00","0.1u"
"C121","0603","165.227mm","62.8015mm","165.227mm","63.627mm","165.227mm","63.627mm","B","270.00","0.1u"
"C122","0603","160.909mm","62.8015mm","160.909mm","63.627mm","160.909mm","63.627mm","B","270.00","0.1u"
"C202","0603","122.555mm","38.7985mm","122.555mm","39.624mm","122.555mm","39.624mm","B","270.00","0.1u"
"C205","0603","119.1895mm","46.101mm","120.015mm","46.101mm","120.015mm","46.101mm","B","180.00","0.1u"
"C207","0603","120.7135mm","44.577mm","119.888mm","44.577mm","119.888mm","44.577mm","B","360.00","0.1u"
"C208","0603","116.586mm","46.1645mm","116.586mm","45.339mm","116.586mm","45.339mm","B","90.00","0.1u"
"C210","0603","121.7295mm","41.656mm","122.555mm","41.656mm","122.555mm","41.656mm","B","180.00","0.1u"
"C228","0603","160.8455mm","39.751mm","161.671mm","39.751mm","161.671mm","39.751mm","B","180.00","0.1u"
"C229","0603","165.7985mm","29.972mm","164.973mm","29.972mm","164.973mm","29.972mm","B","360.00","0.1u"
"C230","0603","147.447mm","31.6865mm","147.447mm","32.512mm","147.447mm","32.512mm","B","270.00","0.1u"
"C231","0603","134.112mm","25.0825mm","134.112mm","24.257mm","134.112mm","24.257mm","B","90.00","0.1u"
"C232","0603","179.705mm","30.7975mm","179.705mm","29.972mm","179.705mm","29.972mm","B","90.00","0.1u"
"C233","0603","141.478mm","14.7955mm","141.478mm","15.621mm","141.478mm","15.621mm","B","270.00","0.1u"
"C234","0603","182.4355mm","31.496mm","181.61mm","31.496mm","181.61mm","31.496mm","B","360.00","0.1u"
"C300","0603","54.4195mm","11.049mm","55.245mm","11.049mm","55.245mm","11.049mm","B","180.00","0.1u"
"C301","0603","60.6425mm","11.049mm","59.817mm","11.049mm","59.817mm","11.049mm","B","360.00","0.1u"
"C303","0603","116.078mm","11.7475mm","116.078mm","12.573mm","116.078mm","12.573mm","B","270.00","0.1u"
"C402a","0603","3.4544mm","27.7495mm","3.4544mm","26.924mm","3.4544mm","26.924mm","B","90.00","0.1u"
"C402b","0603","9.2075mm","29.1592mm","10.033mm","29.1592mm","10.033mm","29.1592mm","B","180.00","0.1u"
"C402c","0603","6.223mm","27.7495mm","6.223mm","26.924mm","6.223mm","26.924mm","B","90.00","0.1u"
"C402d","0603","4.826mm","27.7495mm","4.826mm","26.924mm","4.826mm","26.924mm","B","90.00","0.1u"
"C403","0603","25.146mm","27.1145mm","25.146mm","27.94mm","25.146mm","27.94mm","B","270.00","0.1u"
"C411","0603","31.623mm","50.6095mm","31.623mm","49.784mm","31.623mm","49.784mm","B","90.00","0.1u"
"C413","0603","27.813mm","50.1015mm","27.813mm","49.276mm","27.813mm","49.276mm","B","90.00","0.1u"
"C415","0603","27.813mm","56.8325mm","27.813mm","57.658mm","27.813mm","57.658mm","B","270.00","0.1u"
"C417","0603","31.623mm","57.3405mm","31.623mm","58.166mm","31.623mm","58.166mm","B","270.00","0.1u"
"C426","0603","164.338mm","82.1055mm","164.338mm","81.28mm","164.338mm","81.28mm","B","90.00","0.1u"
"C428","0603","116.205mm","57.4675mm","116.205mm","58.293mm","116.205mm","58.293mm","B","270.00","0.1u"
"C430","0603","114.3mm","51.7525mm","114.3mm","52.578mm","114.3mm","52.578mm","B","270.00","0.1u"
"C432","0603","110.871mm","84.1375mm","110.871mm","83.312mm","110.871mm","83.312mm","B","90.00","0.1u"
"C434","0603","112.014mm","91.2495mm","112.014mm","90.424mm","112.014mm","90.424mm","B","90.00","0.1u"
"C437","0603","160.401mm","89.9795mm","160.401mm","90.805mm","160.401mm","90.805mm","B","270.00","0.1u"
"C454","0603","142.0495mm","90.17mm","142.875mm","90.17mm","142.875mm","90.17mm","B","180.00","0.1u"
"C455","0603","151.5745mm","84.328mm","150.749mm","84.328mm","150.749mm","84.328mm","B","360.00","0.1u"
"C500","0603","142.5575mm","102.743mm","141.732mm","102.743mm","141.732mm","102.743mm","B","360.00","0.1u"
"C510","0603","82.2325mm","97.663mm","83.058mm","97.663mm","83.058mm","97.663mm","B","180.00","0.1u"
"C511","0603","71.9455mm","97.663mm","72.771mm","97.663mm","72.771mm","97.663mm","B","180.00","0.1u"
"C514","0603","54.102mm","106.2355mm","54.102mm","105.41mm","54.102mm","105.41mm","B","90.00","0.1u"
"C515","0603","56.7055mm","111.76mm","55.88mm","111.76mm","55.88mm","111.76mm","B","360.00","0.1u"
"C516","0603","52.07mm","113.6015mm","52.07mm","112.776mm","52.07mm","112.776mm","B","90.00","0.1u"
"C517","0603","73.5203mm","103.378mm","72.6948mm","103.378mm","72.6948mm","103.378mm","B","360.00","0.1u"
"C518","0603","39.624mm","106.2355mm","39.624mm","105.41mm","39.624mm","105.41mm","B","90.00","0.1u"
"C519","0603","44.2595mm","111.76mm","43.434mm","111.76mm","43.434mm","111.76mm","B","360.00","0.1u"
"C520","0603","39.497mm","113.7285mm","39.497mm","112.903mm","39.497mm","112.903mm","B","90.00","0.1u"
"C525","0603","77.2668mm","112.5855mm","77.2668mm","111.76mm","77.2668mm","111.76mm","B","90.00","0.1u"
"C526","0603","81.9023mm","118.237mm","81.0768mm","118.237mm","81.0768mm","118.237mm","B","360.00","0.1u"
"C527","0603","78.4225mm","120.523mm","77.597mm","120.523mm","77.597mm","120.523mm","B","360.00","0.1u"
"C535","0603","76.6318mm","115.6335mm","76.6318mm","116.459mm","76.6318mm","116.459mm","B","270.00","0.1u"
"C543","0603","92.8243mm","107.95mm","91.9988mm","107.95mm","91.9988mm","107.95mm","B","360.00","0.1u"
"C544","0603","100.3935mm","100.457mm","99.568mm","100.457mm","99.568mm","100.457mm","B","360.00","0.1u"
"C545","0603","117.1575mm","122.555mm","116.332mm","122.555mm","116.332mm","122.555mm","B","360.00","0.1u"
"C600","0603","171.5135mm","110.617mm","172.339mm","110.617mm","172.339mm","110.617mm","B","180.00","0.1u"
"C603","0603","137.2235mm","108.077mm","136.398mm","108.077mm","136.398mm","108.077mm","B","360.00","0.1u"
"C608","0603","120.8278mm","115.6335mm","120.8278mm","116.459mm","120.8278mm","116.459mm","B","270.00","0.1u"
"R400","1206","9.144mm","26.797mm","7.747mm","26.797mm","7.747mm","26.797mm","B","360.00","0R033"
"R240","0603","153.4795mm","52.07mm","152.654mm","52.07mm","152.654mm","52.07mm","B","360.00","100K"
"R610","0603","137.2235mm","113.284mm","138.049mm","113.284mm","138.049mm","113.284mm","B","180.00","100K"
"R620","0603","126.5555mm","114.554mm","125.73mm","114.554mm","125.73mm","114.554mm","B","360.00","100K"
"L600","1812","197.358mm","115.189mm","197.358mm","117.221mm","197.358mm","117.221mm","B","180.00","100u 8R"
"R5","0603","175.768mm","103.3145mm","175.768mm","104.14mm","175.768mm","104.14mm","B","270.00","10K"
"R22","0603","84.582mm","70.9295mm","84.582mm","71.755mm","84.582mm","71.755mm","B","270.00","10K"
"R27","0603","85.471mm","58.7375mm","85.471mm","59.563mm","85.471mm","59.563mm","B","270.00","10K"
"R65","0603","193.6115mm","106.045mm","192.786mm","106.045mm","192.786mm","106.045mm","B","360.00","10K"
"R554","0603","100.9523mm","110.871mm","100.1268mm","110.871mm","100.1268mm","110.871mm","B","360.00","10K"
"R600","0603","112.0775mm","124.079mm","112.903mm","124.079mm","112.903mm","124.079mm","B","180.00","10K"
"R604","0603","143.637mm","113.2205mm","143.637mm","114.046mm","143.637mm","114.046mm","B","270.00","10K"
"R606","0603","143.3195mm","115.57mm","142.494mm","115.57mm","142.494mm","115.57mm","B","360.00","10K"
"R613","0603","124.079mm","122.6185mm","124.079mm","121.793mm","124.079mm","121.793mm","B","90.00","10K"
"R615","0603","132.7785mm","115.443mm","133.604mm","115.443mm","133.604mm","115.443mm","B","180.00","10K"
"R549","1206","97.917mm","116.205mm","99.314mm","116.205mm","99.314mm","116.205mm","B","180.00","10K0"
"C128","0603","112.8395mm","75.692mm","112.014mm","75.692mm","112.014mm","75.692mm","B","360.00","10n"
"C213","0603","141.03018mm","51.562mm","140.20468mm","51.562mm","140.20468mm","51.562mm","B","360.00","10n"
"R160","0603","97.5995mm","31.115mm","98.425mm","31.115mm","98.425mm","31.115mm","B","180.00","150R"
"R211","0603","127.0635mm","51.689mm","127.889mm","51.689mm","127.889mm","51.689mm","B","180.00","150R"
"R213","0603","139.0015mm","57.15mm","138.176mm","57.15mm","138.176mm","57.15mm","B","360.00","150R"
"R260","0603","138.1125mm","42.037mm","138.938mm","42.037mm","138.938mm","42.037mm","B","180.00","150R"
"R262","0603","179.578mm","39.5605mm","179.578mm","40.386mm","179.578mm","40.386mm","B","270.00","150R"
"R423","0603","19.558mm","33.9725mm","19.558mm","34.798mm","19.558mm","34.798mm","B","270.00","150R"
"R603","0603","176.7205mm","115.824mm","177.546mm","115.824mm","177.546mm","115.824mm","B","180.00","150R"
"R21","0603","86.4997mm","69.4436mm","85.6742mm","69.4436mm","85.6742mm","69.4436mm","B","360.00","1K"
"R215","0603","143.51mm","48.514mm","143.51mm","49.3395mm","143.51mm","49.3395mm","B","270.00","1K"
"R216","0603","142.494mm","47.4345mm","142.494mm","48.26mm","142.494mm","48.26mm","B","270.00","1K"
"R219","0603","150.9395mm","48.133mm","151.765mm","48.133mm","151.765mm","48.133mm","B","180.00","1K"
"R220","0603","147.7645mm","48.26mm","146.939mm","48.26mm","146.939mm","48.26mm","B","360.00","1K"
"R257","0603","135.9535mm","29.21mm","135.128mm","29.21mm","135.128mm","29.21mm","B","360.00","1K"
"R258","0603","124.5235mm","18.796mm","123.698mm","18.796mm","123.698mm","18.796mm","B","360.00","1K"
"R259","0603","134.8105mm","27.432mm","135.636mm","27.432mm","135.636mm","27.432mm","B","180.00","1K"
"R261","0603","138.2395mm","17.78mm","139.065mm","17.78mm","139.065mm","17.78mm","B","180.00","1K"
"R401","0603","27.686mm","25.2095mm","27.686mm","24.384mm","27.686mm","24.384mm","B","90.00","1K"
"R404","0603","29.083mm","19.9517mm","29.083mm","19.1262mm","29.083mm","19.1262mm","B","90.00","1K"
"R514","0603","120.8278mm","112.5855mm","120.8278mm","113.411mm","120.8278mm","113.411mm","B","270.00","1K"
"R515","0603","120.8278mm","107.6325mm","120.8278mm","106.807mm","120.8278mm","106.807mm","B","90.00","1K"
"R516","0603","120.8278mm","121.4755mm","120.8278mm","122.301mm","120.8278mm","122.301mm","B","270.00","1K"
"R553","0603","102.9843mm","125.603mm","102.1588mm","125.603mm","102.1588mm","125.603mm","B","360.00","1K"
"R560","0603","85.8393mm","107.95mm","86.6648mm","107.95mm","86.6648mm","107.95mm","B","180.00","1K"
"R561","0603","89.5223mm","107.95mm","90.3478mm","107.95mm","90.3478mm","107.95mm","B","180.00","1K"
"R562","0603","101.0793mm","107.95mm","100.2538mm","107.95mm","100.2538mm","107.95mm","B","360.00","1K"
"R563","0603","96.1263mm","107.95mm","96.9518mm","107.95mm","96.9518mm","107.95mm","B","180.00","1K"
"R567","0603","38.227mm","113.7285mm","38.227mm","114.554mm","38.227mm","114.554mm","B","270.00","1K"
"R601","0603","180.34mm","111.5695mm","180.34mm","110.744mm","180.34mm","110.744mm","B","90.00","1K"
"R602","0603","60.071mm","116.9035mm","60.071mm","117.729mm","60.071mm","117.729mm","B","270.00","1K"
"R6","2512","183.642mm","81.28mm","183.642mm","78.486mm","183.642mm","78.486mm","B","90.00","1K2"
"R7","2512","179.578mm","81.28mm","179.578mm","78.486mm","179.578mm","78.486mm","B","90.00","1K2"
"R60","2512","190.373mm","81.407mm","190.373mm","78.613mm","190.373mm","78.613mm","B","90.00","1K2"
"R61","2512","194.437mm","81.407mm","194.437mm","78.613mm","194.437mm","78.613mm","B","90.00","1K2"
"R9","0603","159.131mm","36.2585mm","159.131mm","37.084mm","159.131mm","37.084mm","B","270.00","1K5"
"R12","0603","161.671mm","36.2585mm","161.671mm","37.084mm","161.671mm","37.084mm","B","270.00","1K5"
"R239","0603","161.7345mm","48.641mm","162.56mm","48.641mm","162.56mm","48.641mm","B","180.00","1K5"
"R229","0603","142.17318mm","53.213mm","142.99868mm","53.213mm","142.99868mm","53.213mm","B","180.00","1M"
"R230","0603","141.15718mm","54.864mm","140.33168mm","54.864mm","140.33168mm","54.864mm","B","360.00","1M"
"R256","0603","160.8455mm","40.894mm","161.671mm","40.894mm","161.671mm","40.894mm","B","180.00","1M"
"C606","0603","137.2235mm","114.554mm","136.398mm","114.554mm","136.398mm","114.554mm","B","360.00","1n"
"C612","0603","126.5555mm","113.284mm","127.381mm","113.284mm","127.381mm","113.284mm","B","180.00","1n"
"C3","1812","178.689mm","104.648mm","178.689mm","106.68mm","178.689mm","106.68mm","B","180.00","1n5/1000"
"C6","1812","185.039mm","104.648mm","185.039mm","106.68mm","185.039mm","106.68mm","B","180.00","1n5/1000"
"R140","0603","146.05mm","76.7715mm","146.05mm","77.597mm","146.05mm","77.597mm","B","270.00","220R"
"R141","0603","148.6535mm","75.057mm","149.479mm","75.057mm","149.479mm","75.057mm","B","180.00","220R"
"R202","0603","119.6975mm","51.943mm","120.523mm","51.943mm","120.523mm","51.943mm","B","180.00","220R"
"R203","0603","120.5865mm","50.8mm","119.761mm","50.8mm","119.761mm","50.8mm","B","360.00","220R"
"R208","0603","124.2695mm","57.15mm","125.095mm","57.15mm","125.095mm","57.15mm","B","180.00","220R"
"R209","0603","127.3175mm","57.15mm","128.143mm","57.15mm","128.143mm","57.15mm","B","180.00","220R"
"R517","0603","117.1575mm","106.045mm","116.332mm","106.045mm","116.332mm","106.045mm","B","360.00","220R"
"R518","0603","117.1575mm","111.506mm","116.332mm","111.506mm","116.332mm","111.506mm","B","360.00","220R"
"R519","0603","117.1575mm","116.586mm","116.332mm","116.586mm","116.332mm","116.586mm","B","360.00","220R"
"R538","0603","88.9508mm","104.2035mm","88.9508mm","103.378mm","88.9508mm","103.378mm","B","90.00","220R"
"R539","0603","83.7438mm","104.2035mm","83.7438mm","103.378mm","83.7438mm","103.378mm","B","90.00","220R"
"R541","0603","98.0948mm","104.2035mm","98.0948mm","103.378mm","98.0948mm","103.378mm","B","90.00","220R"
"R542","0603","103.1748mm","104.2035mm","103.1748mm","103.378mm","103.1748mm","103.378mm","B","90.00","220R"
"R616","0603","117.2845mm","124.46mm","118.11mm","124.46mm","118.11mm","124.46mm","B","180.00","220R"
"C127","0603","112.8395mm","74.422mm","112.014mm","74.422mm","112.014mm","74.422mm","B","360.00","220p"
"C206","0603","117.4115mm","50.8mm","116.586mm","50.8mm","116.586mm","50.8mm","B","360.00","220p"
"C458","0603","16.4465mm","34.798mm","15.621mm","34.798mm","15.621mm","34.798mm","B","360.00","220p"
"C459","0603","21.336mm","33.9725mm","21.336mm","34.798mm","21.336mm","34.798mm","B","270.00","220p"
"R40","0603","82.804mm","70.9295mm","82.804mm","71.755mm","82.804mm","71.755mm","B","270.00","22K"
"R269","0603","162.1155mm","38.608mm","162.941mm","38.608mm","162.941mm","38.608mm","B","180.00","22K"
"R321","0603","82.296mm","49.8475mm","82.296mm","49.022mm","82.296mm","49.022mm","B","90.00","22K"
"R322","0603","84.963mm","49.8475mm","84.963mm","49.022mm","84.963mm","49.022mm","B","90.00","22K"
"R323","0603","86.233mm","49.8475mm","86.233mm","49.022mm","86.233mm","49.022mm","B","90.00","22K"
"R324","0603","87.503mm","49.8475mm","87.503mm","49.022mm","87.503mm","49.022mm","B","90.00","22K"
"R325","0603","85.7885mm","41.529mm","86.614mm","41.529mm","86.614mm","41.529mm","B","180.00","22K"
"R326","0603","88.773mm","49.8475mm","88.773mm","49.022mm","88.773mm","49.022mm","B","90.00","22K"
"R415","0603","34.544mm","26.8605mm","34.544mm","27.686mm","34.544mm","27.686mm","B","270.00","22K"
"R263","0603","130.2385mm","22.098mm","129.413mm","22.098mm","129.413mm","22.098mm","B","360.00","22R"
"R264","0603","130.2385mm","20.574mm","131.064mm","20.574mm","131.064mm","20.574mm","B","180.00","22R"
"R408","0603","41.91mm","37.2745mm","41.91mm","36.449mm","41.91mm","36.449mm","B","90.00","22R"
"R420","0603","10.414mm","16.4465mm","10.414mm","15.621mm","10.414mm","15.621mm","B","90.00","22R"
"R421","0603","9.271mm","16.4465mm","9.271mm","17.272mm","9.271mm","17.272mm","B","270.00","22R"
"R3","2512","172.974mm","103.378mm","172.974mm","100.584mm","172.974mm","100.584mm","B","90.00","270R"
"R4","2512","168.91mm","103.378mm","168.91mm","100.584mm","168.91mm","100.584mm","B","90.00","270R"
"R63","2512","193.548mm","103.505mm","196.342mm","103.505mm","196.342mm","103.505mm","B","180.00","270R"
"R64","2512","193.548mm","99.441mm","196.342mm","99.441mm","196.342mm","99.441mm","B","180.00","270R"
"R207","0805","121.92mm","43.053mm","120.904mm","43.053mm","120.904mm","43.053mm","B","360.00","2K0"
"R413","0603","32.1945mm","27.559mm","33.02mm","27.559mm","33.02mm","27.559mm","B","180.00","2K7"
"R623","1206","137.922mm","122.809mm","137.922mm","121.412mm","137.922mm","121.412mm","B","90.00","330K"
"R568","2512","162.179mm","133.35mm","159.385mm","133.35mm","159.385mm","133.35mm","B","360.00","330R"
"R569","2512","152.273mm","133.35mm","155.067mm","133.35mm","155.067mm","133.35mm","B","180.00","330R"
"C211","0603","125.222mm","55.0545mm","125.222mm","54.229mm","125.222mm","54.229mm","B","90.00","330p"
"C601","EC_C","193.421mm","113.9825mm","193.421mm","116.459mm","193.421mm","116.459mm","B","270.00","33u/16"
"R13","0603","186.817mm","38.7985mm","186.817mm","39.624mm","186.817mm","39.624mm","B","270.00","3K3"
"R16","0603","185.42mm","38.7985mm","185.42mm","39.624mm","185.42mm","39.624mm","B","270.00","3K3"
"R36","0603","111.252mm","106.7435mm","111.252mm","105.918mm","111.252mm","105.918mm","B","90.00","470R"
"R114","0603","131.699mm","82.2325mm","131.699mm","81.407mm","131.699mm","81.407mm","B","90.00","470R"
"R129","0603","128.4605mm","91.44mm","127.635mm","91.44mm","127.635mm","91.44mm","B","360.00","470R"
"R204","0603","119.888mm","55.1815mm","119.888mm","56.007mm","119.888mm","56.007mm","B","270.00","470R"
"R212","0603","135.9535mm","57.15mm","136.779mm","57.15mm","136.779mm","57.15mm","B","180.00","470R"
"R402","0603","24.5745mm","24.6634mm","25.4mm","24.6634mm","25.4mm","24.6634mm","B","180.00","470R"
"R540","0603","77.4573mm","103.378mm","76.6318mm","103.378mm","76.6318mm","103.378mm","B","360.00","470R"
"R559","0603","74.0283mm","107.95mm","73.2028mm","107.95mm","73.2028mm","107.95mm","B","360.00","470R"
"R565","0603","78.4225mm","119.38mm","77.597mm","119.38mm","77.597mm","119.38mm","B","360.00","470R"
"R572","0603","37.973mm","117.6655mm","37.973mm","116.84mm","37.973mm","116.84mm","B","90.00","470R"
"C135","0603","163.83mm","73.2155mm","163.83mm","72.39mm","163.83mm","72.39mm","B","90.00","470p"
"C136","0603","165.2905mm","70.612mm","166.116mm","70.612mm","166.116mm","70.612mm","B","180.00","470p"
"C137","0603","162.306mm","73.2155mm","162.306mm","72.39mm","162.306mm","72.39mm","B","90.00","470p"
"C138","0603","160.8455mm","70.612mm","160.02mm","70.612mm","160.02mm","70.612mm","B","360.00","470p"
"C227","0603","153.4795mm","50.8mm","152.654mm","50.8mm","152.654mm","50.8mm","B","360.00","470p"
"C456","0603","10.414mm","19.3675mm","10.414mm","18.542mm","10.414mm","18.542mm","B","90.00","470p"
"C457","0603","9.271mm","19.3675mm","9.271mm","20.193mm","9.271mm","20.193mm","B","270.00","470p"
"R67","0603","81.407mm","58.6105mm","81.407mm","59.436mm","81.407mm","59.436mm","B","270.00","47K"
"R422","0603","14.224mm","33.9725mm","14.224mm","33.147mm","14.224mm","33.147mm","B","90.00","47R"
"R564","0603","72.0598mm","125.1585mm","72.0598mm","124.333mm","72.0598mm","124.333mm","B","90.00","47R"
"C212","0603","127.762mm","55.0545mm","127.762mm","54.229mm","127.762mm","54.229mm","B","90.00","47p"
"C521","0603","48.9585mm","103.505mm","48.133mm","103.505mm","48.133mm","103.505mm","B","360.00","47p"
"C522","0603","45.9105mm","103.505mm","46.736mm","103.505mm","46.736mm","103.505mm","B","180.00","47p"
"R20","0603","87.0712mm","67.3481mm","87.0712mm","66.5226mm","87.0712mm","66.5226mm","B","90.00","4K7"
"R23","0603","83.6295mm","68.834mm","82.804mm","68.834mm","82.804mm","68.834mm","B","360.00","4K7"
"R24","0603","78.9305mm","68.961mm","79.756mm","68.961mm","79.756mm","68.961mm","B","180.00","4K7"
"R25","0603","82.7786mm","58.6867mm","82.7786mm","59.5122mm","82.7786mm","59.5122mm","B","270.00","4K7"
"R26","0603","84.201mm","58.7375mm","84.201mm","59.563mm","84.201mm","59.563mm","B","270.00","4K7"
"R38","0603","79.5655mm","70.231mm","80.391mm","70.231mm","80.391mm","70.231mm","B","180.00","4K7"
"R228","0603","141.478mm","49.3395mm","141.478mm","50.165mm","141.478mm","50.165mm","B","270.00","4K7"
"R234","0603","173.5455mm","42.545mm","174.371mm","42.545mm","174.371mm","42.545mm","B","180.00","4K7"
"R235","0603","169.1005mm","45.085mm","168.275mm","45.085mm","168.275mm","45.085mm","B","360.00","4K7"
"R236","0603","164.6555mm","43.053mm","165.481mm","43.053mm","165.481mm","43.053mm","B","180.00","4K7"
"R243","0603","169.1005mm","42.545mm","168.275mm","42.545mm","168.275mm","42.545mm","B","360.00","4K7"
"R244","0603","164.7825mm","41.529mm","165.608mm","41.529mm","165.608mm","41.529mm","B","180.00","4K7"
"R245","0603","173.1645mm","45.085mm","172.339mm","45.085mm","172.339mm","45.085mm","B","360.00","4K7"
"R246","0603","164.6555mm","45.847mm","165.481mm","45.847mm","165.481mm","45.847mm","B","180.00","4K7"
"R247","0603","164.6555mm","44.45mm","163.83mm","44.45mm","163.83mm","44.45mm","B","360.00","4K7"
"R309","0603","83.693mm","49.8475mm","83.693mm","49.022mm","83.693mm","49.022mm","B","90.00","4K7"
"R403","0603","29.7815mm","28.575mm","30.607mm","28.575mm","30.607mm","28.575mm","B","180.00","4K7"
"R405","0603","31.4325mm","18.669mm","30.607mm","18.669mm","30.607mm","18.669mm","B","360.00","4K7"
"R412","0603","28.956mm","26.2255mm","28.956mm","25.4mm","28.956mm","25.4mm","B","90.00","4K7"
"R566","0603","84.5185mm","119.38mm","85.344mm","119.38mm","85.344mm","119.38mm","B","180.00","4K7"
"R625","0603","109.22mm","121.7295mm","109.22mm","122.555mm","109.22mm","122.555mm","B","270.00","4K7"
"R570","1206","57.023mm","119.888mm","57.023mm","121.285mm","57.023mm","121.285mm","B","270.00","4M7"
"R571","1206","52.324mm","119.888mm","52.324mm","121.285mm","52.324mm","121.285mm","B","270.00","4M7"
"R416","1206","139.573mm","88.392mm","139.573mm","86.995mm","139.573mm","86.995mm","B","90.00","4R7"
"R417","1206","149.352mm","86.36mm","147.955mm","86.36mm","147.955mm","86.36mm","B","360.00","4R7"
"R418","1206","166.751mm","85.979mm","165.354mm","85.979mm","165.354mm","85.979mm","B","360.00","4R7"
"C400","0603","26.416mm","27.1145mm","26.416mm","27.94mm","26.416mm","27.94mm","B","270.00","4n7"
"R210","0603","126.492mm","55.0545mm","126.492mm","54.229mm","126.492mm","54.229mm","B","90.00","68R"
"D411","SOT-3230KA","45.212mm","51.4731mm","44.577mm","52.324mm","45.212mm","50.6222mm","B","360.00","BAV99W"
"D602","SOT-3230KA","136.4361mm","111.125mm","137.287mm","111.76mm","135.5852mm","111.125mm","B","270.00","BAV99W"
"D604","SOT-3230KA","126.111mm","110.9599mm","126.746mm","110.109mm","126.111mm","111.8108mm","B","180.00","BAV99W"
"D1","SOT-323A0K","178.689mm","26.3271mm","178.054mm","27.178mm","178.054mm","27.178mm","B","360.00","BAV99W"
"D102","SOT-323AKC","135.3439mm","89.154mm","134.493mm","88.519mm","134.493mm","88.519mm","B","90.00","BAV99W"
"D103","SOT-323AKC","135.3439mm","92.329mm","134.493mm","91.694mm","134.493mm","91.694mm","B","90.00","BAV99W"
"D104","SOT-323AKC","155.448mm","79.4131mm","154.813mm","80.264mm","154.813mm","80.264mm","B","360.00","BAV99W"
"D105","SOT-323AKC","152.654mm","79.2861mm","152.019mm","80.137mm","152.019mm","80.137mm","B","360.00","BAV99W"
"D200","SOT-323AKC","138.0109mm","38.608mm","137.16mm","37.973mm","137.16mm","37.973mm","B","90.00","BAV99W"
"D201","SOT-323AKC","140.9319mm","38.608mm","140.081mm","37.973mm","140.081mm","37.973mm","B","90.00","BAV99W"
"D202","SOT-323AKC","143.8529mm","38.608mm","143.002mm","37.973mm","143.002mm","37.973mm","B","90.00","BAV99W"
"D203","SOT-323AKC","178.8541mm","35.306mm","179.705mm","35.941mm","179.705mm","35.941mm","B","270.00","BAV99W"
"D204","SOT-323AKC","146.7739mm","38.608mm","145.923mm","37.973mm","145.923mm","37.973mm","B","90.00","BAV99W"
"D205","SOT-323AKC","170.8531mm","33.909mm","171.704mm","34.544mm","171.704mm","34.544mm","B","270.00","BAV99W"
"D206","SOT-323AKC","155.575mm","33.3121mm","154.94mm","34.163mm","154.94mm","34.163mm","B","360.00","BAV99W"
"D207","SOT-323AKC","174.6631mm","35.306mm","175.514mm","35.941mm","175.514mm","35.941mm","B","270.00","BAV99W"
"D208","SOT-323AKC","182.9181mm","35.306mm","183.769mm","35.941mm","183.769mm","35.941mm","B","270.00","BAV99W"
"D502","SOT-323AKC","94.1578mm","119.4181mm","93.5228mm","120.269mm","93.5228mm","120.269mm","B","360.00","BAV99W"
"D503","SOT-323AKC","97.155mm","119.4181mm","96.52mm","120.269mm","96.52mm","120.269mm","B","360.00","BAV99W"
"D505","SOT-323AKC","27.5209mm","33.655mm","26.67mm","33.02mm","26.67mm","33.02mm","B","90.00","BAV99W"
"D506","SOT-323AKC","31.4579mm","33.655mm","30.607mm","33.02mm","30.607mm","33.02mm","B","90.00","BAV99W"
"D600","SOT-323AKC","180.0479mm","115.316mm","179.197mm","114.681mm","179.197mm","114.681mm","B","90.00","BAV99W"
"Q202","SOT-23BEC","143.7005mm","14.605mm","142.748mm","15.621mm","142.748mm","15.621mm","B","360.00","BC850"
"Q200","SOT-23BEC","136.4615mm","24.892mm","135.509mm","25.908mm","135.509mm","25.908mm","B","360.00","BC860"
"Q603","SOT-223BCEC","186.055mm","113.284mm","182.88mm","110.998mm","182.88mm","115.57mm","B","90.00","BCP51-16"
"L400","1808","34.798mm","12.7mm","34.798mm","14.732mm","34.798mm","14.732mm","B","270.00","BLM41P750SPT"
"L402","1808","27.94mm","44.45mm","27.94mm","42.418mm","27.94mm","42.418mm","B","90.00","BLM41P750SPT"
"L405","1808","30.734mm","44.45mm","30.734mm","42.418mm","30.734mm","42.418mm","B","90.00","BLM41P750SPT"
"Q1","SOT-23GSD","108.712mm","105.2195mm","107.696mm","104.267mm","107.696mm","104.267mm","B","90.00","BSS138"
"Q4","SOT-23GSD","125.603mm","21.6535mm","124.587mm","20.701mm","124.587mm","20.701mm","B","90.00","BSS138"
"Q507","SOT-23GSD","91.6178mm","104.4575mm","92.6338mm","105.41mm","90.6018mm","104.4448mm","B","270.00","BSS138"
"Q510","SOT-23GSD","77.6478mm","106.9975mm","78.6638mm","107.95mm","76.6318mm","106.9848mm","B","270.00","BSS138"
"Q511","SOT-23GSD","111.76mm","121.6025mm","110.744mm","120.65mm","112.776mm","121.6152mm","B","90.00","BSS138"
"Q600","SOT-23GSD","169.2275mm","113.157mm","168.275mm","114.173mm","169.2402mm","112.141mm","B","360.00","BSS138"
"Q604","SOT-23GSD","141.1605mm","113.919mm","142.113mm","112.903mm","141.1478mm","114.935mm","B","180.00","BSS138"
"Q502","SOT-23GSD","117.2845mm","108.585mm","116.332mm","109.601mm","117.2972mm","107.569mm","B","360.00","BSS84"
"Q503","SOT-23GSD","117.2845mm","114.046mm","116.332mm","115.062mm","117.2972mm","113.03mm","B","360.00","BSS84"
"Q504","SOT-23GSD","117.2845mm","119.253mm","116.332mm","120.269mm","117.2972mm","118.237mm","B","360.00","BSS84"
"Q506","SOT-23GSD","86.2838mm","104.4575mm","87.2998mm","105.41mm","85.2678mm","104.4448mm","B","270.00","BSS84"
"Q508","SOT-23GSD","100.6348mm","104.4575mm","99.6188mm","103.505mm","101.6508mm","104.4702mm","B","90.00","BSS84"
"Q605","SOT-23GSD","146.05mm","113.0935mm","147.066mm","114.046mm","145.034mm","113.0808mm","B","270.00","BSS84"
"Q608","SOT-23GSD","130.6195mm","114.046mm","131.572mm","113.03mm","130.6068mm","115.062mm","B","180.00","BSS84"
"D507","SOT-23A0K","55.4355mm","115.316mm","54.483mm","116.332mm","54.483mm","116.332mm","B","360.00","BZX84C10"
"D209","SOT-23A0K","131.6355mm","25.019mm","132.588mm","24.003mm","132.588mm","24.003mm","B","180.00","BZX84C12"
"D210","SOT-23A0K","139.2555mm","15.367mm","138.303mm","16.383mm","138.303mm","16.383mm","B","360.00","BZX84C12"
"D100","SOT-23A0K","131.5085mm","91.567mm","130.556mm","92.583mm","130.556mm","92.583mm","B","360.00","BZX84C3V9"
"D101","SOT-23A0K","129.3495mm","83.947mm","128.397mm","84.963mm","128.397mm","84.963mm","B","360.00","BZX84C3V9"
"D106","SOT-23A0K","148.844mm","77.6605mm","149.86mm","78.613mm","149.86mm","78.613mm","B","270.00","BZX84C8V2"
"D107","SOT-23A0K","156.0195mm","75.438mm","156.972mm","74.422mm","156.972mm","74.422mm","B","180.00","BZX84C8V2"
"D601","SOT-23A0K","173.0375mm","113.157mm","172.085mm","114.173mm","172.085mm","114.173mm","B","360.00","BZX84C8V2"
"SR5","SO-4/6","107.2388mm","109.982mm","109.7788mm","111.252mm","109.7788mm","111.252mm","B","180.00","CPC1035N"
"SR6","SO-4/6","107.2388mm","115.57mm","109.7788mm","116.84mm","109.7788mm","116.84mm","B","180.00","CPC1035N"
"U500","SO-8","142.24mm","107.442mm","140.335mm","110.236mm","140.335mm","110.236mm","B","270.00","DAC8512FS"
"U502","SO-8","131.572mm","107.442mm","129.667mm","110.236mm","129.667mm","110.236mm","B","270.00","DAC8512FS"
"U211","SO-8","151.003mm","35.941mm","149.098mm","38.735mm","149.098mm","38.735mm","B","270.00","DG419DY"
"U217","SO-8","165.989mm","36.068mm","164.084mm","38.862mm","164.084mm","38.862mm","B","270.00","DG419DY"
"D603","SMA","143.129mm","120.523mm","143.129mm","120.523mm","141.097mm","120.523mm","B","360.00","ES1B"
"D605","SMA","132.334mm","120.523mm","132.334mm","120.523mm","134.366mm","120.523mm","B","180.00","ES1B"
"Q601","SOT-23BEC","176.657mm","112.4585mm","175.641mm","111.506mm","175.641mm","111.506mm","B","90.00","FMMT458"
"Q509","SOT-23BEC","95.25mm","104.3305mm","96.266mm","105.283mm","96.266mm","103.378mm","B","270.00","FMMT558"
"Q602","SOT-23BEC","60.8965mm","122.301mm","61.849mm","121.285mm","61.849mm","121.285mm","B","180.00","FMMT558"
"Q203","SOT-223BCEC","148.971mm","15.24mm","146.685mm","18.415mm","146.685mm","18.415mm","B","360.00","FZT853"
"Q201","SOT-223BCEC","142.367mm","22.606mm","140.081mm","25.781mm","142.367mm","25.781mm","B","360.00","FZT953"
"U21","SO-14","81.61021mm","64.2366mm","77.80021mm","67.0306mm","77.80021mm","67.0306mm","B","270.00","LM239D"
"U403","SO-8","110.871mm","51.943mm","108.966mm","54.737mm","108.966mm","54.737mm","B","270.00","LM79L05ACM"
"U405","SO-8","115.316mm","90.678mm","117.221mm","87.884mm","117.221mm","87.884mm","B","90.00","LM79L05ACM"
"U301","SO-16","75.5142mm","29.21mm","71.0692mm","32.004mm","71.0692mm","32.004mm","B","270.00","MC74HC174"
"U302","SO-16","64.135mm","29.21mm","59.69mm","32.004mm","59.69mm","32.004mm","B","270.00","MC74HC174"
"U303","SO-16","86.868mm","29.21mm","82.423mm","32.004mm","82.423mm","32.004mm","B","270.00","MC74HC174"
"L406","1307","163.068mm","85.725mm","163.068mm","87.122mm","163.068mm","87.122mm","B","270.00","MLS0805-4S7-121"
"L414","1307","145.923mm","83.947mm","147.32mm","83.947mm","147.32mm","83.947mm","B","180.00","MLS0805-4S7-121"
"U511","SO-8","45.212mm","114.935mm","48.006mm","116.84mm","48.006mm","116.84mm","B","180.00","REF192"
"U512","SO-8","77.0128mm","123.825mm","79.8068mm","125.73mm","79.8068mm","125.73mm","B","180.00","REF192"
"U514","SO-8","85.2678mm","122.555mm","88.0618mm","124.46mm","88.0618mm","124.46mm","B","180.00","REF192"
"Q400","SO-8","5.8674mm","19.812mm","3.9624mm","22.606mm","3.9624mm","22.606mm","B","270.00","Si4412DY"
"Q401","SO-8","13.7414mm","19.812mm","11.8364mm","22.606mm","11.8364mm","22.606mm","B","270.00","Si4412DY"
"U9","SO-16","44.196mm","29.591mm","46.99mm","34.036mm","46.99mm","34.036mm","B","180.00","ULN2003"
"U10","SO-16","43.561mm","18.542mm","46.355mm","22.987mm","46.355mm","22.987mm","B","180.00","ULN2003"
"U100","SOT-223","105.537mm","83.185mm","102.362mm","83.185mm","102.362mm","80.899mm","B","90.00","ZR78L05G"
"U200","SOT-223","127.127mm","34.036mm","130.302mm","34.036mm","130.302mm","36.322mm","B","270.00","ZR78L05G"
"U201","SOT-223","127.762mm","45.593mm","127.762mm","48.768mm","125.476mm","48.768mm","B","360.00","ZR78L05G"
"U401","SOT-223","169.291mm","80.899mm","166.116mm","80.899mm","166.116mm","78.613mm","B","90.00","ZR78L05G"
"U402","SOT-223","109.855mm","59.817mm","113.03mm","59.817mm","113.03mm","62.103mm","B","270.00","ZR78L05G"
"U404","SOT-223","115.824mm","83.058mm","112.649mm","83.058mm","112.649mm","80.772mm","B","90.00","ZR78L05G"
"U513","SOT-223","71.5518mm","116.459mm","74.7268mm","116.459mm","74.7268mm","118.745mm","B","270.00","ZR78L05G"

